LOCATION,REGION,SQFT,WGTADJ,PRICE
1,3,1200.0,,90000
2,3,1200.0,,82000
3,3,1100.0,,68000
2,4,1200.0,,90000
1,4,1200.0,,90000
1,4,920.0,,76000
1,4,1100.0,,85000
1,4,820.0,,71000
3,4,1100.0,,85000
1,4,1300.0,,94000
1,4,1100.0,,85000
2,1,1200.0,,96000
2,3,660.0,,69000
1,2,740.0,,66000
1,2,1200.0,,90000
1,2,1100.0,,82000
1,2,1300.0,,94000
1,2,740.0,,91000
1,2,960.0,,78000
1,2,740.0,,69000
1,2,960.0,,78000
3,3,900.0,,75000
2,3,1300.0,,73000
1,2,1200.0,,90000
1,2,1200.0,,87000
1,2,1100.0,,71000
1,2,1300.0,,94000
1,2,1200.0,,65000
1,2,1100.0,,67000
1,2,1200.0,,100000
1,2,920.0,,76000
1,2,1100.0,,82000
1,2,1100.0,,82000
3,4,1300.0,,94000
2,2,1200.0,,90000
1,1,780.0,,93000
1,3,920.0,,98000
1,2,1200.0,,56000
3,2,1200.0,,92000
3,3,840.0,,53000
2,4,820.0,,57000
1,1,960.0,,95000
1,1,630.0,,99000
1,1,1100.0,,82000
3,1,950.0,,80000
1,1,1100.0,,76000
2,3,1200.0,,73000
3,3,1200.0,,90000
1,3,1200.0,,98000
3,3,840.0,,65000
3,3,1200.0,,100000
2,3,960.0,,53000
1,3,900.0,,96000
2,3,1100.0,,84000
1,2,1300.0,,75000
2,3,1200.0,,68000
1,3,1200.0,,53000
3,4,820.0,,71000
1,1,1200.0,,90000
1,1,1000.0,,80000
3,1,1100.0,,82000
3,3,2000.0,1.0616,140000
2,3,1700.0,1.0616,130000
3,3,1700.0,1.0616,140000
3,5,,1.0616,270000
3,4,1200.0,1.0616,210000
3,4,1300.0,1.0616,140000
2,4,1700.0,1.0616,130000
3,4,2200.0,1.0616,190000
1,4,1500.0,1.0616,140000
2,4,1600.0,1.0616,210000
1,4,1400.0,1.0616,180000
1,4,2000.0,1.0616,160000
1,4,910.0,1.0616,120000
2,4,1500.0,1.0616,150000
3,3,1700.0,1.0616,87000
3,3,1900.0,1.0616,140000
3,3,2100.0,1.0616,130000
2,4,910.0,1.0616,96000
1,4,1600.0,1.0616,140000
1,4,1100.0,1.0616,120000
1,4,1200.0,1.0616,120000
1,4,1500.0,1.0616,200000
2,4,910.0,1.0616,120000
3,4,1600.0,1.0616,140000
1,4,1200.0,1.0616,260000
1,4,1600.0,1.0616,150000
1,4,1600.0,1.0616,150000
1,4,1300.0,1.0616,130000
1,4,1800.0,1.0616,160000
1,4,2200.0,1.0616,180000
2,1,1300.0,1.0616,140000
3,3,2100.0,1.0616,170000
2,3,,1.0616,200000
3,3,1700.0,1.0616,110000
3,3,,1.0616,240000
3,3,1600.0,1.0616,140000
2,3,1100.0,1.0616,87000
3,3,2100.0,1.0616,150000
3,3,1900.0,1.0616,160000
3,3,1600.0,1.0616,140000
3,5,,1.0616,310000
2,2,2000.0,1.0616,170000
2,2,1300.0,1.0616,130000
2,2,2000.0,1.0616,170000
1,2,1600.0,1.0616,140000
2,2,2000.0,1.0616,160000
3,2,1600.0,1.0616,160000
1,2,1700.0,1.0616,150000
2,2,1600.0,1.0616,150000
3,3,1700.0,1.0616,120000
3,3,2100.0,1.0616,140000
1,2,1600.0,1.0616,150000
1,2,1800.0,1.0616,250000
1,2,1300.0,1.0616,89000
1,2,1100.0,1.0616,120000
1,2,1600.0,1.0616,120000
1,2,1200.0,1.0616,120000
1,2,1200.0,1.0616,89000
1,2,2100.0,1.0616,170000
1,2,1600.0,1.0616,140000
1,2,2000.0,1.0616,160000
1,2,1800.0,1.0616,160000
1,2,1600.0,1.0616,150000
1,2,1800.0,1.0616,160000
1,2,1300.0,1.0616,120000
1,2,1600.0,1.0616,110000
1,2,1800.0,1.0616,150000
3,3,2200.0,1.0616,110000
1,2,1500.0,1.0616,100000
2,2,2000.0,1.0616,89000
3,2,2000.0,1.0616,160000
2,4,2100.0,1.0616,170000
3,2,2400.0,1.0616,200000
4,2,2400.0,1.0616,190000
3,2,1600.0,1.0616,140000
2,2,2400.0,1.0616,190000
1,4,1700.0,1.0616,150000
3,4,1600.0,1.0616,140000
3,4,2100.0,1.0616,200000
2,4,2200.0,1.0616,170000
3,4,1600.0,1.0616,140000
2,4,1800.0,1.0616,160000
3,4,1600.0,1.0616,96000
2,1,1600.0,1.0616,140000
2,3,1900.0,1.0616,160000
3,2,1600.0,1.0616,140000
1,2,1400.0,1.0616,140000
3,3,1500.0,1.0616,87000
2,4,1600.0,1.0616,120000
2,4,1100.0,1.0616,110000
2,5,,1.0616,180000
3,4,2100.0,1.0616,210000
2,4,1100.0,1.0616,120000
2,4,1500.0,1.0616,140000
3,5,,1.0616,220000
1,1,1700.0,1.0616,210000
2,1,1900.0,1.0616,170000
2,1,1200.0,1.0616,85000
1,1,1300.0,1.0616,130000
2,1,1300.0,1.0616,180000
1,1,1600.0,1.0616,140000
1,1,1600.0,1.0616,140000
1,1,1700.0,1.0616,210000
1,1,1600.0,1.0616,140000
3,1,1300.0,1.0616,100000
2,3,1600.0,1.0616,87000
3,3,1700.0,1.0616,170000
2,3,,1.0616,240000
2,3,2300.0,1.0616,180000
3,3,1800.0,1.0616,140000
2,3,2000.0,1.0616,170000
3,3,2300.0,1.0616,130000
2,3,1900.0,1.0616,110000
3,3,,1.0616,240000
3,3,1700.0,1.0616,130000
3,3,1700.0,1.0616,150000
3,3,,1.0616,190000
3,3,1900.0,1.0616,130000
2,3,1600.0,1.0616,87000
3,3,,1.0616,190000
3,3,,1.0616,150000
2,3,,1.0616,190000
3,2,1400.0,1.0616,160000
3,3,,1.0616,190000
3,4,1400.0,1.0616,220000
3,4,1200.0,1.0616,180000
3,4,1100.0,1.0616,220000
1,1,1700.0,1.0616,150000
3,1,1600.0,1.0616,120000
1,1,1700.0,1.0616,140000
1,1,1700.0,1.0616,200000
1,1,990.0,1.0616,120000
2,1,1500.0,1.0616,280000
1,1,1600.0,1.0616,130000
2,3,2000.0,1.0616,170000
1,4,1700.0,1.0616,150000
3,2,1600.0,1.0616,110000
2,3,,1.0616,210000
1,2,2000.0,1.0616,160000
3,2,2000.0,1.0616,120000
2,4,1600.0,1.0616,140000
2,4,2200.0,1.0616,230000
1,1,990.0,1.0616,110000
1,1,1200.0,1.0616,130000
1,1,1700.0,1.0616,150000
3,1,1200.0,1.0616,100000
2,1,1600.0,1.0616,120000
3,1,1300.0,1.0616,85000
1,1,1600.0,1.0616,140000
3,3,1600.0,1.0616,110000
3,4,1200.0,1.0616,96000
3,1,990.0,1.0616,85000
3,1,1700.0,1.0616,170000
1,3,,1.0616,190000
2,2,1800.0,1.0616,160000
1,2,1500.0,1.0616,130000
2,3,900.0,0.9875,53000
1,3,1300.0,0.9875,85000
3,3,1200.0,0.9875,99000
2,4,900.0,0.9875,75000
1,4,1100.0,0.9875,84000
1,4,1100.0,0.9875,84000
1,4,1100.0,0.9875,84000
1,3,840.0,0.9875,69000
3,3,1100.0,0.9875,100000
3,3,1300.0,0.9875,95000
1,2,1100.0,0.9875,86000
1,2,1100.0,0.9875,86000
1,2,1100.0,0.9875,84000
3,2,1200.0,0.9875,92000
1,2,740.0,0.9875,69000
2,2,1200.0,0.9875,120000
1,2,1100.0,0.9875,120000
1,2,1100.0,0.9875,56000
1,2,1100.0,0.9875,84000
1,2,1100.0,0.9875,88000
1,2,990.0,0.9875,80000
3,3,1200.0,0.9875,92000
3,3,840.0,0.9875,72000
3,3,1200.0,0.9875,92000
1,2,1100.0,0.9875,86000
1,2,1100.0,0.9875,89000
1,2,1100.0,0.9875,86000
1,2,1100.0,0.9875,86000
1,2,1100.0,0.9875,86000
3,3,1300.0,0.9875,65000
3,3,900.0,0.9875,75000
1,2,1100.0,0.9875,87000
3,2,1100.0,0.9875,70000
1,2,840.0,0.9875,62000
2,4,1200.0,0.9875,110000
2,2,1100.0,0.9875,84000
2,4,900.0,0.9875,75000
1,1,810.0,0.9875,86000
1,2,1100.0,0.9875,86000
3,3,920.0,0.9875,77000
3,3,1200.0,0.9875,92000
2,3,1100.0,0.9875,84000
3,3,1200.0,0.9875,99000
3,3,840.0,0.9875,72000
3,3,1200.0,0.9875,92000
3,3,840.0,0.9875,66000
1,3,920.0,0.9875,75000
3,3,1200.0,0.9875,110000
2,3,1300.0,0.9875,96000
2,3,840.0,0.9875,72000
1,2,840.0,0.9875,56000
1,4,1100.0,0.9875,84000
3,4,920.0,0.9875,78000
1,1,1200.0,0.9875,97000
1,1,630.0,0.9875,150000
1,1,1200.0,0.9875,92000
1,2,1200.0,0.9875,75000
2,2,1100.0,0.9875,84000
2,3,,1.0442,150000
3,3,1800.0,1.0442,160000
3,4,1700.0,1.0442,160000
4,5,,1.0442,210000
3,5,2400.0,1.0442,250000
1,4,1400.0,1.0442,120000
3,4,1300.0,1.0442,130000
2,4,1300.0,1.0442,140000
1,4,1200.0,1.0442,220000
1,4,1500.0,1.0442,150000
3,4,1600.0,1.0442,150000
1,4,1200.0,1.0442,130000
3,4,1600.0,1.0442,190000
2,4,1100.0,1.0442,260000
3,4,1600.0,1.0442,220000
3,4,2000.0,1.0442,96000
1,4,1400.0,1.0442,180000
1,4,1100.0,1.0442,130000
3,3,1800.0,1.0442,110000
1,4,1200.0,1.0442,130000
1,4,1500.0,1.0442,150000
2,5,,1.0442,190000
1,4,1600.0,1.0442,300000
1,4,1500.0,1.0442,150000
1,4,1600.0,1.0442,160000
1,4,1600.0,1.0442,300000
1,4,910.0,1.0442,96000
1,4,1800.0,1.0442,170000
3,4,910.0,1.0442,96000
2,4,910.0,1.0442,96000
1,4,1200.0,1.0442,220000
1,4,1400.0,1.0442,140000
1,4,1800.0,1.0442,170000
3,4,1800.0,1.0442,300000
3,3,1100.0,1.0442,120000
2,3,1900.0,1.0442,160000
3,3,1800.0,1.0442,170000
3,3,1500.0,1.0442,130000
3,3,,1.0442,210000
1,3,1100.0,1.0442,150000
3,3,2000.0,1.0442,180000
2,3,1500.0,1.0442,150000
2,3,1900.0,1.0442,140000
2,3,1700.0,1.0442,160000
1,4,1200.0,1.0442,140000
1,4,1400.0,1.0442,140000
2,2,1800.0,1.0442,160000
2,2,1900.0,1.0442,170000
1,2,2400.0,1.0442,200000
2,2,1100.0,1.0442,130000
1,2,1600.0,1.0442,150000
1,2,1100.0,1.0442,130000
1,2,1500.0,1.0442,150000
1,2,1500.0,1.0442,150000
1,2,1300.0,1.0442,140000
3,3,2000.0,1.0442,180000
3,3,1600.0,1.0442,130000
2,3,2000.0,1.0442,100000
3,3,1900.0,1.0442,170000
3,3,,1.0442,170000
1,2,1600.0,1.0442,150000
1,2,1100.0,1.0442,89000
3,2,1800.0,1.0442,120000
1,2,1600.0,1.0442,150000
1,2,2400.0,1.0442,250000
2,2,1800.0,1.0442,140000
1,2,1600.0,1.0442,150000
1,2,1600.0,1.0442,160000
1,2,1800.0,1.0442,120000
3,3,1600.0,1.0442,150000
3,3,1900.0,1.0442,150000
3,3,,1.0442,150000
2,3,2100.0,1.0442,190000
1,2,1700.0,1.0442,140000
3,2,1300.0,1.0442,110000
2,2,2000.0,1.0442,150000
3,2,1900.0,1.0442,150000
3,4,2000.0,1.0442,180000
3,4,1200.0,1.0442,130000
3,2,1300.0,1.0442,140000
1,2,1700.0,1.0442,150000
2,2,2400.0,1.0442,250000
2,4,1500.0,1.0442,96000
2,4,2000.0,1.0442,140000
3,1,1300.0,1.0442,130000
1,1,1600.0,1.0442,150000
2,3,1900.0,1.0442,160000
3,3,1900.0,1.0442,120000
3,2,2400.0,1.0442,170000
1,2,1300.0,1.0442,89000
2,3,1900.0,1.0442,240000
2,4,2000.0,1.0442,96000
3,4,1700.0,1.0442,180000
2,4,1800.0,1.0442,96000
2,4,1800.0,1.0442,160000
2,4,1800.0,1.0442,110000
3,4,2000.0,1.0442,120000
2,4,1800.0,1.0442,170000
2,4,1900.0,1.0442,170000
3,1,1700.0,1.0442,96000
1,1,1700.0,1.0442,150000
3,1,1900.0,1.0442,130000
3,1,990.0,1.0442,85000
1,1,1700.0,1.0442,280000
1,1,1900.0,1.0442,160000
3,1,1700.0,1.0442,85000
2,3,1600.0,1.0442,130000
3,3,1900.0,1.0442,120000
3,3,1900.0,1.0442,170000
3,3,1600.0,1.0442,130000
3,3,1600.0,1.0442,120000
2,3,1700.0,1.0442,140000
2,3,,1.0442,200000
3,3,,1.0442,130000
2,3,1600.0,1.0442,100000
3,3,1900.0,1.0442,170000
3,3,1700.0,1.0442,160000
3,3,1500.0,1.0442,150000
2,3,2300.0,1.0442,190000
3,3,2100.0,1.0442,180000
3,3,1400.0,1.0442,110000
3,3,,1.0442,190000
3,3,1700.0,1.0442,160000
3,3,1100.0,1.0442,110000
2,3,1700.0,1.0442,110000
3,3,1900.0,1.0442,120000
3,3,1400.0,1.0442,140000
2,3,1700.0,1.0442,170000
3,3,1100.0,1.0442,140000
2,3,1600.0,1.0442,150000
3,3,2000.0,1.0442,190000
3,3,2000.0,1.0442,190000
3,3,2200.0,1.0442,210000
3,4,910.0,1.0442,140000
3,5,,1.0442,230000
3,4,1800.0,1.0442,170000
1,4,1400.0,1.0442,140000
1,4,1600.0,1.0442,150000
3,4,1400.0,1.0442,200000
1,4,1200.0,1.0442,130000
4,4,1700.0,1.0442,160000
1,1,1700.0,1.0442,140000
3,1,1500.0,1.0442,130000
3,1,1900.0,1.0442,180000
1,1,1600.0,1.0442,280000
1,1,1900.0,1.0442,180000
3,1,1600.0,1.0442,150000
3,1,1900.0,1.0442,190000
2,3,1100.0,1.0442,140000
3,3,1700.0,1.0442,140000
1,2,1900.0,1.0442,170000
2,2,2400.0,1.0442,250000
3,2,1500.0,1.0442,160000
1,2,1800.0,1.0442,160000
1,2,1600.0,1.0442,150000
1,2,1200.0,1.0442,130000
1,2,1800.0,1.0442,170000
3,3,1800.0,1.0442,170000
3,4,2200.0,1.0442,220000
1,1,1600.0,1.0442,150000
3,1,1600.0,1.0442,150000
1,1,1700.0,1.0442,160000
1,1,1600.0,1.0442,150000
3,1,1400.0,1.0442,140000
1,1,1700.0,1.0442,160000
1,1,1400.0,1.0442,140000
1,1,1900.0,1.0442,160000
1,1,1600.0,1.0442,110000
1,1,1300.0,1.0442,140000
3,3,1900.0,1.0442,170000
3,2,1600.0,1.0442,250000
2,4,1800.0,1.0442,160000
1,1,1900.0,1.0442,280000
3,1,1700.0,1.0442,110000
2,1,1600.0,1.0442,100000
1,1,1300.0,1.0442,85000
1,1,1300.0,1.0442,190000
3,3,1900.0,1.0442,170000
3,3,2100.0,1.0442,87000
3,2,1700.0,1.0442,150000
2,2,1600.0,1.0442,140000
3,3,980.0,,53000
2,3,1200.0,,99000
1,4,900.0,,150000
1,4,590.0,,63000
1,4,1100.0,,92000
1,4,1100.0,,78000
1,4,1100.0,,92000
1,1,630.0,,120000
1,1,750.0,,73000
2,3,920.0,,83000
1,2,1100.0,,65000
1,2,1100.0,,90000
1,2,960.0,,95000
1,2,1100.0,,90000
1,2,1300.0,,100000
1,2,920.0,,83000
1,2,1200.0,,99000
3,2,1200.0,,89000
1,2,1200.0,,99000
3,3,1200.0,,99000
3,3,960.0,,85000
1,3,1200.0,,63000
1,2,840.0,,78000
1,2,920.0,,56000
1,2,740.0,,81000
1,2,1200.0,,120000
3,2,1300.0,,100000
3,2,1300.0,,120000
1,2,1100.0,,100000
2,4,1100.0,,92000
3,3,1200.0,,99000
1,2,1100.0,,90000
1,2,1100.0,,79000
1,2,960.0,,85000
1,3,900.0,,53000
1,1,980.0,,55000
1,1,1100.0,,150000
3,3,1200.0,,99000
3,3,840.0,,78000
3,3,980.0,,86000
3,3,1100.0,,59000
3,3,1200.0,,100000
1,4,860.0,,79000
1,1,750.0,,150000
1,2,960.0,,84000
3,2,1200.0,,99000
3,2,1200.0,,120000
1,1,1100.0,,94000
1,1,960.0,,85000
2,1,960.0,,93000
1,2,960.0,,85000
1,1,950.0,,85000
1,1,1100.0,,90000
1,1,1100.0,,90000
1,3,1300.0,,130000
1,2,1300.0,,88000
3,4,1500.0,1.0465,140000
2,4,2100.0,1.0465,210000
2,4,1800.0,1.0465,220000
3,4,1300.0,1.0465,96000
3,4,1900.0,1.0465,170000
2,4,1600.0,1.0465,130000
3,4,1300.0,1.0465,120000
1,4,1500.0,1.0465,150000
3,4,1700.0,1.0465,180000
1,4,1700.0,1.0465,180000
2,4,1500.0,1.0465,300000
3,5,,1.0465,290000
1,4,1600.0,1.0465,210000
3,4,1700.0,1.0465,190000
3,4,1700.0,1.0465,170000
3,3,,1.0465,140000
3,3,1700.0,1.0465,130000
3,3,1600.0,1.0465,150000
1,4,910.0,1.0465,150000
1,4,1600.0,1.0465,300000
1,4,910.0,1.0465,120000
1,4,1600.0,1.0465,300000
1,4,1500.0,1.0465,300000
1,4,1600.0,1.0465,150000
2,4,1200.0,1.0465,140000
1,4,1800.0,1.0465,96000
1,4,1800.0,1.0465,170000
1,4,1200.0,1.0465,200000
1,5,2000.0,1.0465,260000
1,4,2000.0,1.0465,180000
1,4,2200.0,1.0465,180000
3,4,1500.0,1.0465,180000
1,4,2100.0,1.0465,180000
1,3,2000.0,1.0465,150000
1,3,1900.0,1.0465,170000
3,3,1100.0,1.0465,110000
3,3,2400.0,1.0465,240000
2,3,1100.0,1.0465,130000
3,3,1100.0,1.0465,87000
3,3,2100.0,1.0465,170000
3,3,1600.0,1.0465,140000
3,3,1700.0,1.0465,120000
1,3,1100.0,1.0465,120000
3,3,1700.0,1.0465,160000
1,3,2100.0,1.0465,180000
2,3,1700.0,1.0465,160000
2,3,1800.0,1.0465,120000
1,4,1600.0,1.0465,150000
3,2,1800.0,1.0465,160000
1,2,1600.0,1.0465,250000
1,2,1200.0,1.0465,130000
1,5,,1.0465,230000
2,2,1200.0,1.0465,130000
1,2,1800.0,1.0465,160000
1,2,1700.0,1.0465,160000
1,2,1700.0,1.0465,100000
1,2,1500.0,1.0465,130000
1,2,1600.0,1.0465,150000
3,2,2000.0,1.0465,150000
3,3,1700.0,1.0465,160000
3,3,1900.0,1.0465,140000
1,2,1800.0,1.0465,130000
1,2,1700.0,1.0465,160000
1,2,1900.0,1.0465,170000
3,2,1300.0,1.0465,120000
1,2,1600.0,1.0465,150000
1,2,2100.0,1.0465,180000
1,2,1700.0,1.0465,160000
1,2,1600.0,1.0465,150000
2,3,1500.0,1.0465,110000
3,3,2000.0,1.0465,170000
3,2,2000.0,1.0465,110000
3,2,1800.0,1.0465,150000
3,2,1700.0,1.0465,160000
3,2,1800.0,1.0465,160000
3,2,1600.0,1.0465,110000
3,4,1400.0,1.0465,140000
2,2,1600.0,1.0465,150000
3,2,1700.0,1.0465,160000
2,2,2400.0,1.0465,190000
1,4,1300.0,1.0465,140000
1,4,1600.0,1.0465,170000
1,4,1100.0,1.0465,130000
2,4,1100.0,1.0465,130000
1,4,1500.0,1.0465,150000
2,4,1700.0,1.0465,160000
2,4,1600.0,1.0465,150000
2,4,2100.0,1.0465,96000
1,1,1200.0,1.0465,170000
3,3,1800.0,1.0465,170000
3,3,1600.0,1.0465,120000
3,3,2000.0,1.0465,180000
3,3,,1.0465,200000
1,2,1600.0,1.0465,120000
2,3,2000.0,1.0465,170000
3,3,2000.0,1.0465,180000
2,3,1600.0,1.0465,140000
2,4,1600.0,1.0465,150000
4,4,1900.0,1.0465,160000
2,4,1500.0,1.0465,150000
1,4,1500.0,1.0465,150000
2,5,,1.0465,180000
2,4,1900.0,1.0465,170000
2,5,1800.0,1.0465,280000
2,4,1300.0,1.0465,140000
1,1,1100.0,1.0465,85000
1,1,1700.0,1.0465,100000
2,1,1900.0,1.0465,120000
1,1,1500.0,1.0465,150000
1,1,1500.0,1.0465,160000
3,1,1700.0,1.0465,160000
1,1,1100.0,1.0465,130000
2,3,1600.0,1.0465,100000
3,3,1100.0,1.0465,130000
3,3,1600.0,1.0465,160000
3,3,,1.0465,200000
3,3,1600.0,1.0465,150000
3,3,1600.0,1.0465,150000
3,3,,1.0465,240000
3,3,,1.0465,240000
3,3,1600.0,1.0465,87000
3,3,2000.0,1.0465,180000
3,3,1900.0,1.0465,140000
2,3,1600.0,1.0465,99000
3,3,1600.0,1.0465,150000
3,3,1600.0,1.0465,120000
3,3,1800.0,1.0465,150000
3,3,1500.0,1.0465,120000
2,3,1600.0,1.0465,100000
3,3,,1.0465,200000
3,3,1900.0,1.0465,170000
3,3,1100.0,1.0465,87000
3,3,,1.0465,200000
3,3,,1.0465,210000
3,3,1600.0,1.0465,150000
2,3,1900.0,1.0465,120000
2,4,1900.0,1.0465,240000
3,5,,1.0465,220000
3,4,1200.0,1.0465,130000
1,4,1400.0,1.0465,240000
1,4,1800.0,1.0465,180000
3,4,1600.0,1.0465,160000
1,4,1600.0,1.0465,150000
3,4,1800.0,1.0465,160000
3,1,1500.0,1.0465,120000
1,1,1500.0,1.0465,280000
3,1,990.0,1.0465,94000
3,1,1100.0,1.0465,85000
1,1,1200.0,1.0465,130000
1,1,1600.0,1.0465,280000
3,1,1200.0,1.0465,85000
2,3,,1.0465,200000
2,4,2000.0,1.0465,170000
1,2,1300.0,1.0465,140000
1,2,1100.0,1.0465,130000
3,2,1800.0,1.0465,160000
3,3,1900.0,1.0465,87000
1,2,1500.0,1.0465,110000
1,2,1100.0,1.0465,110000
1,1,1200.0,1.0465,130000
1,1,1700.0,1.0465,160000
1,1,1700.0,1.0465,160000
1,1,1700.0,1.0465,280000
1,1,1500.0,1.0465,150000
2,1,1200.0,1.0465,99000
3,1,1200.0,1.0465,100000
3,3,1700.0,1.0465,100000
1,2,1500.0,1.0465,170000
1,2,1900.0,1.0465,170000
2,4,1200.0,1.0389,95000
2,4,590.0,1.0389,72000
1,4,780.0,1.0389,65000
1,4,1100.0,1.0389,84000
1,4,1100.0,1.0389,81000
1,4,920.0,1.0389,75000
1,3,830.0,1.0389,78000
1,3,1200.0,1.0389,63000
1,2,1100.0,1.0389,84000
1,2,1100.0,1.0389,84000
1,2,1100.0,1.0389,83000
1,2,1200.0,1.0389,100000
3,2,740.0,1.0389,91000
1,2,800.0,1.0389,66000
3,2,1300.0,1.0389,120000
1,2,800.0,1.0389,66000
1,2,800.0,1.0389,66000
2,3,1300.0,1.0389,92000
1,2,960.0,1.0389,85000
1,2,1200.0,1.0389,95000
1,2,900.0,1.0389,73000
1,2,740.0,1.0389,65000
1,2,1200.0,1.0389,89000
2,2,900.0,1.0389,75000
1,2,1300.0,1.0389,56000
1,2,1100.0,1.0389,70000
1,2,1100.0,1.0389,84000
3,3,1300.0,1.0389,71000
3,2,800.0,1.0389,66000
2,2,990.0,1.0389,79000
2,4,590.0,1.0389,57000
3,3,660.0,1.0389,53000
1,2,1100.0,1.0389,84000
1,2,1100.0,1.0389,72000
1,2,1300.0,1.0389,99000
3,3,1200.0,1.0389,88000
1,1,920.0,1.0389,75000
1,1,1200.0,1.0389,120000
1,1,1200.0,1.0389,99000
3,1,920.0,1.0389,73000
1,1,1200.0,1.0389,70000
1,1,1100.0,1.0389,67000
3,3,1200.0,1.0389,90000
3,3,920.0,1.0389,75000
3,3,1200.0,1.0389,95000
2,3,840.0,1.0389,53000
3,4,780.0,1.0389,65000
3,1,870.0,1.0389,78000
1,1,950.0,1.0389,84000
3,2,740.0,1.0389,65000
1,2,900.0,1.0389,73000
1,2,1200.0,1.0389,95000
1,2,960.0,1.0389,77000
3,3,1200.0,1.0389,95000
2,3,1100.0,1.0389,90000
1,2,1300.0,1.0389,99000
1,2,1300.0,1.0389,120000
1,3,1600.0,1.0248,100000
3,3,2000.0,1.0248,160000
1,4,1500.0,1.0248,140000
2,5,,1.0248,300000
3,4,1600.0,1.0248,190000
2,4,1300.0,1.0248,130000
3,4,1500.0,1.0248,150000
3,4,1600.0,1.0248,120000
1,4,1100.0,1.0248,170000
2,4,2200.0,1.0248,240000
4,4,2200.0,1.0248,220000
2,4,1200.0,1.0248,140000
3,4,2100.0,1.0248,160000
1,4,1200.0,1.0248,130000
1,4,1700.0,1.0248,160000
1,4,1200.0,1.0248,130000
3,4,2200.0,1.0248,150000
2,4,1700.0,1.0248,200000
1,4,1400.0,1.0248,140000
1,4,1600.0,1.0248,150000
3,4,1200.0,1.0248,200000
1,4,1600.0,1.0248,150000
1,4,1500.0,1.0248,190000
1,4,1500.0,1.0248,150000
2,4,1600.0,1.0248,140000
1,4,1600.0,1.0248,150000
2,4,1700.0,1.0248,160000
1,4,1600.0,1.0248,300000
2,4,1600.0,1.0248,150000
1,4,1200.0,1.0248,150000
1,4,1700.0,1.0248,160000
1,4,1600.0,1.0248,150000
2,4,1600.0,1.0248,140000
1,4,1200.0,1.0248,130000
2,4,2200.0,1.0248,300000
1,3,2200.0,1.0248,200000
3,3,1500.0,1.0248,100000
3,3,1500.0,1.0248,120000
3,5,,1.0248,260000
3,3,1800.0,1.0248,170000
1,3,1500.0,1.0248,160000
1,3,1100.0,1.0248,140000
2,3,2200.0,1.0248,200000
1,4,1800.0,1.0248,170000
2,4,1900.0,1.0248,300000
1,4,1700.0,1.0248,96000
2,2,2400.0,1.0248,200000
3,2,1600.0,1.0248,130000
1,2,1200.0,1.0248,130000
1,2,1300.0,1.0248,140000
1,2,1600.0,1.0248,130000
1,2,2000.0,1.0248,140000
1,2,1400.0,1.0248,89000
3,2,2100.0,1.0248,150000
1,2,2000.0,1.0248,180000
3,2,1900.0,1.0248,180000
3,2,2000.0,1.0248,190000
2,3,1700.0,1.0248,160000
3,3,2000.0,1.0248,180000
3,3,2200.0,1.0248,200000
3,3,2200.0,1.0248,200000
1,2,1900.0,1.0248,180000
1,2,1500.0,1.0248,150000
1,2,1500.0,1.0248,110000
1,2,1500.0,1.0248,150000
1,2,2400.0,1.0248,200000
1,2,1600.0,1.0248,110000
1,2,1500.0,1.0248,120000
1,2,1100.0,1.0248,110000
1,2,1700.0,1.0248,160000
1,2,1200.0,1.0248,110000
1,2,1200.0,1.0248,89000
3,3,2300.0,1.0248,160000
3,3,2000.0,1.0248,180000
3,3,1700.0,1.0248,160000
3,2,2100.0,1.0248,170000
3,2,2000.0,1.0248,190000
2,2,2200.0,1.0248,180000
1,2,1500.0,1.0248,130000
3,4,2200.0,1.0248,300000
2,2,2000.0,1.0248,180000
2,2,1900.0,1.0248,180000
1,4,1200.0,1.0248,130000
1,4,1600.0,1.0248,150000
1,1,1300.0,1.0248,130000
1,1,1300.0,1.0248,140000
3,3,1500.0,1.0248,150000
3,3,1500.0,1.0248,200000
2,3,1600.0,1.0248,150000
1,2,1500.0,1.0248,150000
3,3,2000.0,1.0248,160000
3,3,1700.0,1.0248,130000
2,4,1900.0,1.0248,130000
2,5,,1.0248,220000
3,1,1300.0,1.0248,92000
3,1,1900.0,1.0248,170000
1,1,990.0,1.0248,100000
3,1,1300.0,1.0248,85000
2,1,1900.0,1.0248,85000
1,1,1500.0,1.0248,150000
1,1,1300.0,1.0248,140000
1,1,1300.0,1.0248,140000
1,1,1700.0,1.0248,170000
2,1,1600.0,1.0248,140000
3,3,1900.0,1.0248,160000
3,3,1600.0,1.0248,150000
3,3,,1.0248,220000
2,3,1300.0,1.0248,190000
2,3,2300.0,1.0248,200000
2,3,2100.0,1.0248,160000
3,3,2300.0,1.0248,240000
3,3,,1.0248,240000
3,3,1900.0,1.0248,180000
3,3,1900.0,1.0248,170000
3,3,2200.0,1.0248,240000
3,3,2000.0,1.0248,190000
3,3,2100.0,1.0248,130000
2,3,2100.0,1.0248,130000
2,3,1900.0,1.0248,160000
2,3,1600.0,1.0248,150000
2,3,2100.0,1.0248,200000
3,4,1600.0,1.0248,160000
1,4,1200.0,1.0248,240000
1,4,2200.0,1.0248,200000
1,4,1100.0,1.0248,120000
2,4,1600.0,1.0248,240000
1,1,1400.0,1.0248,150000
3,1,1700.0,1.0248,160000
1,1,1200.0,1.0248,280000
1,1,1300.0,1.0248,280000
1,1,1400.0,1.0248,140000
3,1,1700.0,1.0248,150000
3,1,1900.0,1.0248,150000
1,3,1600.0,1.0248,240000
3,4,1800.0,1.0248,120000
3,3,1700.0,1.0248,160000
2,2,1700.0,1.0248,150000
2,4,2200.0,1.0248,200000
3,4,1600.0,1.0248,170000
1,1,1300.0,1.0248,95000
3,1,1900.0,1.0248,200000
3,1,1700.0,1.0248,180000
1,1,1900.0,1.0248,180000
1,1,1900.0,1.0248,180000
1,1,1600.0,1.0248,140000
1,1,1600.0,1.0248,180000
1,1,1600.0,1.0248,160000
1,2,1500.0,1.0248,89000
1,2,2000.0,1.0248,180000
3,2,2000.0,1.0248,120000
2,4,1600.0,1.0248,170000
3,5,1900.0,1.0248,160000
2,4,1800.0,1.0248,190000
3,1,1900.0,1.0248,180000
3,1,1600.0,1.0248,110000
3,1,1300.0,1.0248,100000
1,1,1900.0,1.0248,280000
3,1,1100.0,1.0248,85000
3,1,1900.0,1.0248,150000
1,1,1200.0,1.0248,160000
3,1,1300.0,1.0248,85000
1,1,1900.0,1.0248,280000
3,1,1400.0,1.0248,98000
2,3,2300.0,1.0248,210000
1,2,2000.0,1.0248,180000
3,2,1500.0,1.0248,130000
3,2,1500.0,1.0248,120000
1,2,1500.0,1.0248,180000
1,4,1200.0,,92000
3,3,1200.0,,90000
3,3,1200.0,,81000
1,4,780.0,,70000
1,4,1200.0,,87000
1,4,1200.0,,92000
2,3,1000.0,,81000
1,4,1200.0,,120000
1,2,1100.0,,84000
1,2,920.0,,77000
1,2,960.0,,85000
1,2,1100.0,,87000
1,2,980.0,,80000
1,2,1100.0,,84000
1,2,1100.0,,85000
1,2,1100.0,,90000
1,2,1200.0,,89000
1,2,1200.0,,92000
1,2,1100.0,,87000
1,2,1100.0,,84000
2,3,1300.0,,88000
3,3,1200.0,,130000
3,3,1200.0,,89000
3,2,1200.0,,64000
1,2,960.0,,79000
3,2,1100.0,,72000
1,2,920.0,,73000
1,2,1300.0,,95000
1,2,1100.0,,87000
1,2,740.0,,64000
1,2,740.0,,70000
1,2,740.0,,69000
1,2,1100.0,,77000
1,2,1200.0,,89000
1,2,1100.0,,90000
1,1,1200.0,,95000
3,3,1200.0,,92000
3,3,1200.0,,89000
1,1,1200.0,,100000
1,1,1100.0,,80000
3,1,780.0,,83000
3,3,1000.0,,81000
1,3,900.0,,76000
2,3,1200.0,,92000
3,3,1200.0,,89000
2,3,1200.0,,85000
2,3,960.0,,79000
3,3,1200.0,,91000
3,3,1300.0,,95000
3,3,1100.0,,69000
2,3,660.0,,65000
1,1,780.0,,70000
2,3,920.0,,97000
1,2,900.0,,76000
1,2,1200.0,,120000
1,2,1100.0,,67000
3,3,1200.0,,92000
2,4,1200.0,,92000
1,1,950.0,,75000
1,1,950.0,,79000
1,1,1100.0,,84000
1,2,1100.0,,84000
3,1,780.0,,55000
1,2,1100.0,,84000
3,5,1900.0,1.085,160000
3,3,2000.0,1.085,170000
3,4,2100.0,1.085,210000
3,4,1600.0,1.085,150000
3,4,1100.0,1.085,130000
3,4,1300.0,1.085,140000
3,4,1300.0,1.085,140000
3,4,1600.0,1.085,160000
1,4,1200.0,1.085,130000
1,4,1200.0,1.085,190000
1,4,910.0,1.085,180000
1,4,1200.0,1.085,170000
1,4,1600.0,1.085,150000
4,3,2100.0,1.085,180000
1,4,1400.0,1.085,150000
2,4,1100.0,1.085,210000
1,4,2000.0,1.085,170000
1,4,1500.0,1.085,150000
1,4,2100.0,1.085,180000
1,4,1300.0,1.085,140000
1,4,1300.0,1.085,110000
1,4,1300.0,1.085,250000
1,4,1200.0,1.085,130000
1,4,1100.0,1.085,120000
1,4,1500.0,1.085,150000
1,1,1700.0,1.085,210000
3,3,2000.0,1.085,170000
3,3,,1.085,240000
3,3,1800.0,1.085,160000
3,3,,1.085,190000
3,3,1600.0,1.085,150000
1,2,1700.0,1.085,160000
1,2,1500.0,1.085,140000
3,2,1900.0,1.085,170000
1,2,1600.0,1.085,150000
1,2,1600.0,1.085,150000
1,2,1600.0,1.085,150000
3,2,1500.0,1.085,150000
1,2,1500.0,1.085,120000
1,2,1900.0,1.085,170000
1,2,1600.0,1.085,140000
3,2,1700.0,1.085,150000
3,2,1300.0,1.085,140000
3,2,1700.0,1.085,140000
3,2,2400.0,1.085,150000
3,3,2200.0,1.085,210000
2,3,1800.0,1.085,150000
3,3,1600.0,1.085,87000
3,3,1700.0,1.085,110000
3,3,1900.0,1.085,130000
3,2,1600.0,1.085,150000
1,2,1600.0,1.085,250000
1,2,1600.0,1.085,120000
1,2,1600.0,1.085,120000
1,2,1500.0,1.085,150000
1,2,1600.0,1.085,150000
1,2,1400.0,1.085,140000
1,2,1700.0,1.085,140000
1,2,1500.0,1.085,150000
1,2,1600.0,1.085,150000
1,2,1600.0,1.085,250000
1,2,1700.0,1.085,160000
1,2,1400.0,1.085,130000
3,2,1900.0,1.085,250000
3,2,1700.0,1.085,100000
3,2,2100.0,1.085,250000
2,4,1600.0,1.085,150000
3,2,2200.0,1.085,180000
1,2,1500.0,1.085,120000
3,2,2400.0,1.085,180000
2,2,2200.0,1.085,250000
1,4,1400.0,1.085,140000
2,4,1100.0,1.085,96000
4,4,1300.0,1.085,140000
1,4,1300.0,1.085,140000
3,5,,1.085,280000
2,4,1500.0,1.085,120000
2,4,1400.0,1.085,160000
3,1,1600.0,1.085,110000
1,1,1700.0,1.085,160000
1,1,1400.0,1.085,150000
2,1,1600.0,1.085,150000
2,3,1500.0,1.085,130000
3,3,,1.085,240000
3,3,1600.0,1.085,170000
2,3,1700.0,1.085,210000
1,2,1700.0,1.085,160000
3,3,2100.0,1.085,180000
1,4,1500.0,1.085,140000
2,4,1500.0,1.085,130000
2,4,1600.0,1.085,160000
2,4,1400.0,1.085,140000
2,4,1300.0,1.085,96000
1,1,1500.0,1.085,150000
1,1,1300.0,1.085,120000
3,1,1900.0,1.085,140000
3,1,1300.0,1.085,100000
1,1,1400.0,1.085,110000
1,1,1600.0,1.085,150000
3,3,,1.085,170000
2,3,,1.085,200000
3,3,2100.0,1.085,180000
3,3,1500.0,1.085,100000
2,3,1500.0,1.085,140000
2,3,2000.0,1.085,150000
2,3,1700.0,1.085,160000
2,3,2200.0,1.085,160000
3,3,,1.085,240000
3,3,1900.0,1.085,180000
3,3,2100.0,1.085,150000
2,3,2100.0,1.085,170000
2,3,,1.085,180000
2,3,1700.0,1.085,240000
3,3,,1.085,240000
2,3,,1.085,200000
3,3,2100.0,1.085,180000
2,3,2300.0,1.085,180000
3,3,,1.085,240000
2,3,1400.0,1.085,160000
3,3,,1.085,190000
3,4,1800.0,1.085,190000
2,4,1800.0,1.085,200000
3,4,2000.0,1.085,170000
1,4,1500.0,1.085,180000
1,4,910.0,1.085,120000
1,4,1600.0,1.085,150000
1,4,1500.0,1.085,150000
2,4,1900.0,1.085,190000
1,4,1800.0,1.085,160000
1,4,2000.0,1.085,170000
1,1,1200.0,1.085,130000
3,1,1300.0,1.085,130000
3,1,1300.0,1.085,140000
1,1,1500.0,1.085,130000
3,1,1600.0,1.085,180000
1,1,1200.0,1.085,170000
3,4,1300.0,1.085,150000
3,2,1700.0,1.085,120000
1,2,1400.0,1.085,140000
1,2,1700.0,1.085,160000
1,2,1400.0,1.085,120000
3,2,1300.0,1.085,130000
1,2,1800.0,1.085,170000
3,1,1300.0,1.085,140000
1,1,1600.0,1.085,210000
1,1,1300.0,1.085,140000
1,1,1400.0,1.085,140000
3,1,1700.0,1.085,140000
2,3,1600.0,1.085,150000
3,3,2200.0,1.085,180000
1,2,1600.0,1.085,150000
1,2,1600.0,1.085,120000
2,4,1500.0,1.085,140000
1,1,1600.0,1.085,280000
1,1,1700.0,1.085,280000
3,1,1700.0,1.085,160000
1,1,1600.0,1.085,150000
3,3,1900.0,1.085,150000
3,3,2100.0,1.085,170000
1,3,1200.0,,95000
1,3,1200.0,,68000
3,3,1200.0,,95000
3,4,730.0,,65000
2,4,700.0,,95000
1,4,730.0,,57000
1,4,730.0,,57000
1,4,900.0,,73000
2,3,1300.0,,99000
2,3,660.0,,61000
1,4,800.0,,66000
1,2,1100.0,,84000
1,2,1300.0,,99000
1,2,1200.0,,95000
1,2,1200.0,,95000
1,2,1100.0,,85000
1,2,1300.0,,99000
1,2,1100.0,,84000
1,2,1200.0,,94000
1,2,1200.0,,70000
1,2,1100.0,,88000
1,2,1100.0,,88000
1,2,1200.0,,95000
1,2,1100.0,,87000
1,2,1200.0,,95000
1,2,1100.0,,85000
3,3,1200.0,,95000
3,2,1300.0,,99000
2,2,1200.0,,95000
2,4,900.0,,73000
1,1,1100.0,,84000
1,1,1200.0,,110000
3,3,1200.0,,95000
3,3,840.0,,69000
2,3,1200.0,,130000
2,1,1200.0,,95000
1,1,1100.0,,95000
1,1,1200.0,,92000
3,3,1300.0,,100000
3,3,1200.0,,90000
3,3,1200.0,,130000
2,3,840.0,,59000
1,3,920.0,,65000
3,3,1200.0,,95000
3,3,1300.0,,94000
3,3,1300.0,,130000
2,3,920.0,,53000
1,2,1200.0,,120000
1,2,1300.0,,100000
1,1,840.0,,150000
1,1,840.0,,69000
4,2,960.0,,56000
2,4,700.0,,57000
2,4,800.0,,99000
2,4,800.0,,66000
1,1,1200.0,,95000
1,2,1300.0,,99000
1,2,1300.0,,86000
1,1,1200.0,,90000
1,3,1100.0,,69000
3,3,840.0,,69000
1,2,1200.0,,95000
2,3,1700.0,1.0606,160000
3,3,,1.0606,180000
2,4,1900.0,1.0606,160000
2,4,1300.0,1.0606,96000
2,5,2200.0,1.0606,230000
3,4,1300.0,1.0606,130000
2,4,1700.0,1.0606,160000
1,4,1400.0,1.0606,190000
1,4,1300.0,1.0606,140000
1,4,2200.0,1.0606,210000
3,4,1500.0,1.0606,190000
1,4,1400.0,1.0606,140000
1,4,2200.0,1.0606,190000
1,4,1700.0,1.0606,160000
3,4,2000.0,1.0606,130000
1,4,1400.0,1.0606,180000
3,3,1500.0,1.0606,87000
1,4,910.0,1.0606,96000
1,4,1600.0,1.0606,150000
1,4,1500.0,1.0606,220000
1,4,1200.0,1.0606,130000
2,4,1600.0,1.0606,250000
1,5,2200.0,1.0606,200000
2,4,1500.0,1.0606,150000
1,4,1400.0,1.0606,240000
1,4,1700.0,1.0606,160000
1,4,1500.0,1.0606,300000
1,4,1400.0,1.0606,140000
1,4,1200.0,1.0606,96000
1,4,910.0,1.0606,200000
1,4,1400.0,1.0606,140000
1,4,1600.0,1.0606,150000
2,3,1100.0,1.0606,87000
2,3,1600.0,1.0606,140000
3,3,1300.0,1.0606,130000
3,3,1900.0,1.0606,150000
1,3,1300.0,1.0606,140000
3,3,1300.0,1.0606,87000
2,3,1400.0,1.0606,140000
2,3,1600.0,1.0606,100000
2,3,2200.0,1.0606,150000
1,4,1800.0,1.0606,170000
2,2,1700.0,1.0606,250000
1,2,1300.0,1.0606,140000
1,2,1700.0,1.0606,160000
2,3,1600.0,1.0606,100000
3,3,1900.0,1.0606,180000
4,3,,1.0606,210000
1,2,2100.0,1.0606,190000
1,2,1300.0,1.0606,110000
2,2,1300.0,1.0606,140000
1,2,1700.0,1.0606,130000
1,2,1100.0,1.0606,120000
1,2,1400.0,1.0606,110000
1,2,1500.0,1.0606,110000
2,2,1700.0,1.0606,140000
3,3,1700.0,1.0606,160000
3,2,1700.0,1.0606,170000
2,2,1700.0,1.0606,110000
3,2,1300.0,1.0606,89000
3,2,2400.0,1.0606,200000
2,2,1100.0,1.0606,120000
1,2,1100.0,1.0606,100000
2,5,,1.0606,350000
3,4,1300.0,1.0606,150000
2,4,2200.0,1.0606,190000
1,4,1400.0,1.0606,140000
2,4,1400.0,1.0606,140000
3,3,1600.0,1.0606,130000
3,3,2100.0,1.0606,190000
3,3,2100.0,1.0606,170000
3,3,1600.0,1.0606,150000
3,3,1500.0,1.0606,160000
3,3,1300.0,1.0606,170000
2,2,1600.0,1.0606,150000
1,2,1500.0,1.0606,150000
1,2,1600.0,1.0606,150000
2,4,2200.0,1.0606,170000
2,4,1300.0,1.0606,190000
3,4,910.0,1.0606,120000
2,4,1500.0,1.0606,150000
1,1,1600.0,1.0606,99000
1,1,1300.0,1.0606,110000
1,1,1600.0,1.0606,150000
2,1,1400.0,1.0606,130000
2,1,1200.0,1.0606,130000
1,1,990.0,1.0606,85000
1,1,1600.0,1.0606,150000
2,1,1600.0,1.0606,130000
1,1,1600.0,1.0606,130000
2,3,1600.0,1.0606,150000
3,3,1700.0,1.0606,160000
2,3,1600.0,1.0606,130000
2,3,2200.0,1.0606,190000
2,3,1700.0,1.0606,150000
1,3,1600.0,1.0606,140000
2,3,2000.0,1.0606,180000
2,3,,1.0606,240000
2,3,2300.0,1.0606,240000
3,3,1600.0,1.0606,150000
2,3,1100.0,1.0606,130000
3,3,2000.0,1.0606,180000
2,3,2000.0,1.0606,190000
4,2,2100.0,1.0606,190000
3,4,1700.0,1.0606,130000
3,4,1600.0,1.0606,150000
3,4,1400.0,1.0606,240000
2,4,1400.0,1.0606,200000
1,4,1600.0,1.0606,150000
3,4,1700.0,1.0606,220000
1,4,910.0,1.0606,120000
2,4,1200.0,1.0606,220000
2,4,1700.0,1.0606,96000
2,1,1500.0,1.0606,160000
3,1,1900.0,1.0606,200000
3,1,1500.0,1.0606,140000
3,1,1300.0,1.0606,150000
1,1,1200.0,1.0606,130000
3,1,1600.0,1.0606,140000
2,1,1600.0,1.0606,160000
3,1,1700.0,1.0606,160000
1,1,1400.0,1.0606,140000
3,1,1400.0,1.0606,140000
3,1,990.0,1.0606,140000
2,3,1900.0,1.0606,180000
1,3,1400.0,1.0606,170000
1,4,2200.0,1.0606,210000
2,3,1300.0,1.0606,150000
1,2,1500.0,1.0606,150000
2,4,1400.0,1.0606,140000
1,1,1900.0,1.0606,190000
3,1,1200.0,1.0606,100000
3,1,1500.0,1.0606,120000
1,1,1500.0,1.0606,150000
1,2,1700.0,1.0606,160000
2,4,1200.0,1.0606,130000
2,4,1900.0,1.0606,170000
3,1,1200.0,1.0606,85000
1,1,1500.0,1.0606,130000
1,1,1400.0,1.0606,200000
1,1,1300.0,1.0606,160000
3,1,1900.0,1.0606,160000
1,1,1400.0,1.0606,140000
1,3,1900.0,1.0606,240000
1,2,1700.0,1.0606,160000
3,2,1600.0,1.0606,160000
1,2,1400.0,1.0606,140000
1,3,840.0,,60000
1,4,840.0,,150000
1,4,1300.0,,96000
1,4,1100.0,,87000
1,4,1100.0,,85000
1,4,1100.0,,85000
3,3,660.0,,76000
3,2,900.0,,56000
1,2,840.0,,79000
1,2,1200.0,,68000
1,2,1200.0,,88000
1,2,1300.0,,96000
1,2,1100.0,,84000
1,2,1200.0,,70000
1,3,980.0,,84000
3,3,980.0,,84000
1,2,900.0,,81000
1,2,1200.0,,94000
3,2,900.0,,75000
1,2,900.0,,56000
1,2,900.0,,81000
1,2,1200.0,,78000
1,2,1100.0,,85000
1,2,1100.0,,90000
1,2,1100.0,,90000
2,3,1300.0,,130000
3,3,900.0,,53000
3,2,1200.0,,94000
1,2,1100.0,,120000
1,2,1200.0,,120000
3,2,1100.0,,87000
3,2,1200.0,,94000
2,4,1300.0,,96000
2,2,1200.0,,94000
1,4,1100.0,,87000
1,1,1200.0,,82000
3,3,840.0,,79000
1,2,1200.0,,85000
1,2,1200.0,,94000
1,2,920.0,,56000
1,2,980.0,,84000
1,3,1100.0,,87000
1,1,1200.0,,92000
1,1,1200.0,,92000
1,1,1100.0,,85000
1,1,1100.0,,87000
2,3,1300.0,,97000
3,3,1200.0,,94000
3,3,1100.0,,100000
1,3,1200.0,,85000
2,3,1200.0,,94000
1,4,660.0,,150000
3,4,1100.0,,110000
2,1,860.0,,98000
1,1,920.0,,86000
1,1,1000.0,,110000
1,1,1000.0,,110000
2,1,630.0,,83000
1,2,1300.0,,96000
2,3,1100.0,,110000
1,2,1200.0,,68000
1,1,1200.0,,120000
1,1,1200.0,,92000
2,3,840.0,,53000
3,3,1100.0,,88000
3,2,1200.0,,94000
1,2,1300.0,,96000
3,3,,0.9946,160000
3,3,2000.0,0.9946,110000
3,4,1200.0,0.9946,150000
3,4,2000.0,0.9946,220000
3,4,1300.0,0.9946,120000
2,4,1200.0,0.9946,130000
1,4,1200.0,0.9946,170000
2,4,1100.0,0.9946,120000
1,4,1400.0,0.9946,160000
1,4,1300.0,0.9946,150000
1,4,1800.0,0.9946,170000
2,3,1900.0,0.9946,180000
1,4,1300.0,0.9946,150000
3,4,1100.0,0.9946,170000
3,4,1200.0,0.9946,170000
1,4,1200.0,0.9946,220000
1,4,1100.0,0.9946,140000
1,4,1600.0,0.9946,160000
1,4,910.0,0.9946,130000
1,4,1500.0,0.9946,160000
1,4,1100.0,0.9946,110000
1,5,1800.0,0.9946,160000
1,4,1100.0,0.9946,96000
2,4,1800.0,0.9946,180000
1,4,1400.0,0.9946,160000
3,4,1200.0,0.9946,170000
1,4,1200.0,0.9946,300000
1,4,1200.0,0.9946,300000
1,4,1200.0,0.9946,150000
1,4,1400.0,0.9946,150000
1,4,910.0,0.9946,130000
3,1,1700.0,0.9946,210000
1,3,1100.0,0.9946,87000
1,3,1600.0,0.9946,160000
1,3,1700.0,0.9946,210000
3,3,1800.0,0.9946,170000
3,3,1500.0,0.9946,160000
3,3,1100.0,0.9946,110000
3,3,1800.0,0.9946,130000
3,3,1600.0,0.9946,160000
2,3,2200.0,0.9946,180000
2,3,1600.0,0.9946,160000
3,3,1600.0,0.9946,87000
3,3,,0.9946,210000
3,3,1600.0,0.9946,160000
1,4,1300.0,0.9946,210000
3,2,1700.0,0.9946,170000
3,2,1900.0,0.9946,250000
1,2,1600.0,0.9946,180000
1,2,1600.0,0.9946,110000
1,2,1400.0,0.9946,150000
1,2,1600.0,0.9946,160000
3,2,1800.0,0.9946,250000
3,3,1700.0,0.9946,170000
3,3,2000.0,0.9946,100000
3,3,2000.0,0.9946,180000
3,3,,0.9946,200000
3,3,2300.0,0.9946,190000
1,2,1200.0,0.9946,120000
1,2,1800.0,0.9946,170000
1,2,1400.0,0.9946,120000
1,2,1400.0,0.9946,120000
1,2,1200.0,0.9946,150000
1,2,1700.0,0.9946,170000
1,2,1600.0,0.9946,160000
1,2,1300.0,0.9946,150000
1,2,1700.0,0.9946,120000
1,2,1800.0,0.9946,170000
1,2,1600.0,0.9946,110000
1,2,1600.0,0.9946,120000
3,2,1300.0,0.9946,120000
1,2,1700.0,0.9946,150000
1,2,1600.0,0.9946,160000
1,2,1600.0,0.9946,160000
1,2,1300.0,0.9946,150000
1,2,1300.0,0.9946,150000
1,2,1600.0,0.9946,160000
1,2,1600.0,0.9946,160000
2,2,1500.0,0.9946,160000
2,2,1700.0,0.9946,170000
1,4,1500.0,0.9946,160000
3,4,1200.0,0.9946,96000
1,4,2100.0,0.9946,180000
2,4,2000.0,0.9946,180000
1,1,1600.0,0.9946,160000
1,1,1900.0,0.9946,170000
2,3,1600.0,0.9946,200000
3,3,1600.0,0.9946,160000
1,2,1600.0,0.9946,160000
1,2,1900.0,0.9946,120000
2,2,1600.0,0.9946,89000
3,3,2000.0,0.9946,180000
3,3,2000.0,0.9946,140000
3,4,1900.0,0.9946,140000
2,4,1700.0,0.9946,130000
3,4,1500.0,0.9946,190000
2,4,2100.0,0.9946,180000
2,5,1800.0,0.9946,270000
2,4,1500.0,0.9946,150000
1,4,1400.0,0.9946,170000
2,4,2100.0,0.9946,240000
2,4,1300.0,0.9946,150000
2,4,910.0,0.9946,96000
2,1,1200.0,0.9946,130000
2,1,1300.0,0.9946,150000
1,1,990.0,0.9946,130000
3,1,1600.0,0.9946,140000
1,1,1700.0,0.9946,170000
3,3,2100.0,0.9946,160000
3,3,,0.9946,200000
2,3,1700.0,0.9946,170000
2,3,1600.0,0.9946,150000
2,3,1600.0,0.9946,160000
3,3,1500.0,0.9946,87000
3,3,2200.0,0.9946,190000
3,3,2200.0,0.9946,140000
3,3,2000.0,0.9946,150000
3,3,2000.0,0.9946,160000
3,3,2000.0,0.9946,240000
3,3,2300.0,0.9946,190000
2,3,1800.0,0.9946,150000
3,3,2300.0,0.9946,190000
3,3,1800.0,0.9946,240000
3,3,1600.0,0.9946,150000
3,4,1500.0,0.9946,240000
1,4,2000.0,0.9946,180000
1,4,1100.0,0.9946,140000
1,4,1800.0,0.9946,170000
3,1,1500.0,0.9946,150000
2,1,1600.0,0.9946,160000
3,1,1400.0,0.9946,130000
1,1,1300.0,0.9946,150000
1,1,1500.0,0.9946,160000
1,1,1400.0,0.9946,150000
2,1,1300.0,0.9946,180000
1,1,1600.0,0.9946,160000
1,3,1800.0,0.9946,170000
3,5,2300.0,0.9946,260000
2,2,1100.0,0.9946,140000
3,3,2000.0,0.9946,180000
1,2,1700.0,0.9946,170000
3,2,1900.0,0.9946,130000
2,4,1200.0,0.9946,150000
3,1,1300.0,0.9946,100000
1,1,1600.0,0.9946,170000
3,1,1700.0,0.9946,140000
3,1,1900.0,0.9946,170000
1,1,1200.0,0.9946,120000
1,1,1700.0,0.9946,170000
3,1,1900.0,0.9946,160000
2,1,1400.0,0.9946,150000
1,2,1400.0,0.9946,150000
1,1,1200.0,0.9946,150000
1,1,1700.0,0.9946,170000
1,1,1600.0,0.9946,160000
2,3,2200.0,0.9946,160000
3,2,1300.0,0.9946,120000
3,2,1600.0,0.9946,140000
3,2,1600.0,0.9946,130000
3,3,1200.0,1.0195,86000
1,3,1200.0,1.0195,71000
1,4,900.0,1.0195,150000
2,4,1100.0,1.0195,150000
1,4,720.0,1.0195,67000
1,4,720.0,1.0195,57000
3,4,720.0,1.0195,73000
1,4,1300.0,1.0195,100000
1,4,900.0,1.0195,77000
1,4,1100.0,1.0195,88000
1,4,960.0,1.0195,85000
1,1,700.0,1.0195,66000
1,3,1100.0,1.0195,53000
3,3,1100.0,1.0195,88000
3,3,1200.0,1.0195,92000
2,3,1000.0,1.0195,86000
2,3,1000.0,1.0195,86000
1,2,920.0,1.0195,79000
1,2,1100.0,1.0195,87000
1,2,1200.0,1.0195,98000
1,2,960.0,1.0195,79000
1,2,1200.0,1.0195,93000
1,2,960.0,1.0195,100000
1,2,960.0,1.0195,100000
1,2,960.0,1.0195,81000
1,2,1100.0,1.0195,87000
1,2,1100.0,1.0195,120000
3,2,1200.0,1.0195,95000
1,2,920.0,1.0195,79000
1,2,1200.0,1.0195,96000
3,3,1200.0,1.0195,92000
2,3,960.0,1.0195,130000
1,2,1100.0,1.0195,88000
1,2,1100.0,1.0195,88000
1,2,1200.0,1.0195,96000
1,2,1100.0,1.0195,87000
1,2,1100.0,1.0195,88000
1,2,1100.0,1.0195,74000
1,2,1200.0,1.0195,96000
1,2,1200.0,1.0195,96000
1,2,960.0,1.0195,81000
1,2,1200.0,1.0195,100000
1,2,1100.0,1.0195,84000
1,2,1100.0,1.0195,87000
1,2,1100.0,1.0195,82000
3,2,1300.0,1.0195,100000
1,4,1200.0,1.0195,96000
1,4,1300.0,1.0195,100000
1,4,1300.0,1.0195,98000
1,4,1300.0,1.0195,97000
1,1,920.0,1.0195,67000
2,3,1000.0,1.0195,86000
3,3,840.0,1.0195,74000
3,3,960.0,1.0195,81000
4,3,840.0,1.0195,60000
1,2,1200.0,1.0195,96000
2,3,1000.0,1.0195,130000
3,3,1000.0,1.0195,85000
3,3,1100.0,1.0195,89000
1,1,1100.0,1.0195,87000
1,1,1100.0,1.0195,55000
1,1,980.0,1.0195,82000
3,3,1000.0,1.0195,85000
3,3,1000.0,1.0195,84000
1,1,900.0,1.0195,77000
2,3,1000.0,1.0195,86000
1,2,840.0,1.0195,56000
1,2,1200.0,1.0195,66000
1,2,1200.0,1.0195,78000
1,2,960.0,1.0195,82000
1,1,840.0,1.0195,74000
2,1,840.0,1.0195,61000
3,3,1200.0,1.0195,96000
3,4,1300.0,1.0361,140000
2,5,,1.0361,240000
3,4,1300.0,1.0361,140000
1,4,1500.0,1.0361,150000
1,4,2200.0,1.0361,200000
1,4,1500.0,1.0361,150000
1,4,1500.0,1.0361,190000
1,4,1500.0,1.0361,150000
3,4,1200.0,1.0361,130000
2,4,1200.0,1.0361,96000
3,4,1800.0,1.0361,250000
1,4,1200.0,1.0361,210000
3,4,1600.0,1.0361,200000
1,4,1300.0,1.0361,180000
1,4,1200.0,1.0361,250000
2,4,1600.0,1.0361,150000
3,3,1600.0,1.0361,110000
1,4,1400.0,1.0361,180000
1,4,1300.0,1.0361,140000
2,4,1300.0,1.0361,140000
2,4,1300.0,1.0361,200000
1,4,1300.0,1.0361,140000
1,4,1800.0,1.0361,170000
2,4,1600.0,1.0361,190000
3,4,1200.0,1.0361,130000
1,4,1300.0,1.0361,180000
1,4,1600.0,1.0361,300000
1,4,1600.0,1.0361,300000
2,1,1300.0,1.0361,130000
3,5,,1.0361,240000
2,3,1100.0,1.0361,87000
3,3,1600.0,1.0361,150000
3,3,1500.0,1.0361,150000
3,3,1500.0,1.0361,140000
3,3,,1.0361,200000
3,3,1100.0,1.0361,120000
3,3,2300.0,1.0361,190000
3,3,2200.0,1.0361,240000
3,3,2300.0,1.0361,220000
1,3,1300.0,1.0361,170000
3,3,1900.0,1.0361,160000
1,4,1600.0,1.0361,160000
2,2,2200.0,1.0361,190000
1,2,1500.0,1.0361,130000
1,2,1500.0,1.0361,110000
3,2,1500.0,1.0361,150000
3,2,2100.0,1.0361,250000
3,2,1800.0,1.0361,150000
1,2,1700.0,1.0361,160000
3,3,2000.0,1.0361,140000
3,3,1900.0,1.0361,170000
3,3,1700.0,1.0361,120000
3,3,,1.0361,130000
1,2,1600.0,1.0361,150000
1,2,1700.0,1.0361,170000
1,2,1100.0,1.0361,130000
1,2,1400.0,1.0361,120000
1,2,1600.0,1.0361,160000
1,2,1300.0,1.0361,140000
1,2,1600.0,1.0361,150000
1,2,1100.0,1.0361,130000
1,2,1600.0,1.0361,120000
1,2,1600.0,1.0361,150000
1,2,1300.0,1.0361,130000
1,2,1500.0,1.0361,130000
2,2,1600.0,1.0361,120000
1,2,1600.0,1.0361,140000
3,3,,1.0361,240000
2,3,,1.0361,190000
3,2,1700.0,1.0361,250000
3,2,1300.0,1.0361,89000
1,2,1100.0,1.0361,120000
3,2,1500.0,1.0361,150000
3,4,1800.0,1.0361,170000
2,2,1100.0,1.0361,120000
2,2,2400.0,1.0361,250000
2,4,1800.0,1.0361,170000
2,4,2200.0,1.0361,200000
1,1,1500.0,1.0361,130000
1,1,1300.0,1.0361,140000
3,3,1100.0,1.0361,130000
2,3,1900.0,1.0361,120000
3,3,1300.0,1.0361,190000
2,3,1600.0,1.0361,120000
1,2,2400.0,1.0361,180000
3,3,2100.0,1.0361,120000
3,4,1600.0,1.0361,210000
1,4,1300.0,1.0361,130000
2,4,910.0,1.0361,110000
2,4,1300.0,1.0361,140000
2,4,1300.0,1.0361,96000
2,4,1900.0,1.0361,140000
3,1,1400.0,1.0361,160000
2,1,1500.0,1.0361,150000
1,1,1100.0,1.0361,130000
1,1,1500.0,1.0361,140000
1,1,1500.0,1.0361,150000
1,1,1900.0,1.0361,170000
1,1,1400.0,1.0361,130000
3,1,1100.0,1.0361,120000
3,1,1500.0,1.0361,120000
1,1,990.0,1.0361,130000
3,3,2200.0,1.0361,190000
3,3,,1.0361,190000
2,3,2000.0,1.0361,240000
3,3,2100.0,1.0361,160000
3,3,1800.0,1.0361,170000
3,3,1800.0,1.0361,170000
3,3,1600.0,1.0361,140000
3,3,,1.0361,240000
2,3,1800.0,1.0361,150000
2,3,1600.0,1.0361,110000
3,3,1600.0,1.0361,150000
3,3,2000.0,1.0361,180000
3,3,2100.0,1.0361,190000
3,3,1800.0,1.0361,240000
3,3,2400.0,1.0361,180000
2,4,1800.0,1.0361,200000
3,4,1600.0,1.0361,300000
2,4,1300.0,1.0361,130000
3,4,1500.0,1.0361,120000
2,4,2000.0,1.0361,300000
1,4,1500.0,1.0361,210000
1,4,1300.0,1.0361,130000
1,4,1900.0,1.0361,170000
3,1,1700.0,1.0361,170000
3,1,1900.0,1.0361,170000
3,1,1900.0,1.0361,170000
3,1,1900.0,1.0361,180000
1,1,1700.0,1.0361,160000
1,1,1500.0,1.0361,150000
2,1,1300.0,1.0361,130000
1,3,1100.0,1.0361,130000
1,3,1900.0,1.0361,240000
2,3,1900.0,1.0361,190000
1,4,1600.0,1.0361,160000
1,2,1800.0,1.0361,250000
2,2,1700.0,1.0361,160000
1,4,1100.0,1.0361,110000
2,4,1500.0,1.0361,220000
3,4,1300.0,1.0361,140000
2,4,2100.0,1.0361,300000
2,1,1500.0,1.0361,140000
3,1,1500.0,1.0361,160000
1,1,1300.0,1.0361,140000
2,1,1900.0,1.0361,190000
1,1,1400.0,1.0361,140000
3,1,1700.0,1.0361,160000
1,2,1600.0,1.0361,150000
1,2,2200.0,1.0361,190000
1,2,1100.0,1.0361,89000
3,2,1500.0,1.0361,89000
3,3,,1.0361,200000
3,5,,1.0361,220000
3,4,1300.0,1.0361,96000
2,4,1300.0,1.0361,140000
2,4,1200.0,1.0361,130000
2,4,910.0,1.0361,96000
1,1,1700.0,1.0361,180000
2,1,1600.0,1.0361,100000
2,3,1700.0,1.0361,160000
2,3,2000.0,1.0361,170000
3,3,2100.0,1.0361,140000
3,3,1600.0,1.0361,87000
1,2,1600.0,1.0361,160000
1,2,2400.0,1.0361,100000
2,2,1300.0,1.0361,150000
3,2,1100.0,1.0361,89000
3,2,1700.0,1.0361,160000
1,3,900.0,1.0344,74000
1,4,1200.0,1.0344,88000
1,4,900.0,1.0344,120000
1,4,810.0,1.0344,100000
1,4,900.0,1.0344,80000
1,3,900.0,1.0344,64000
1,3,1200.0,1.0344,130000
3,3,1300.0,1.0344,84000
2,3,660.0,1.0344,110000
3,3,660.0,1.0344,72000
2,3,1100.0,1.0344,79000
2,3,1300.0,1.0344,130000
1,2,740.0,1.0344,80000
1,2,1200.0,1.0344,80000
3,2,990.0,1.0344,90000
1,2,1100.0,1.0344,98000
1,2,990.0,1.0344,87000
1,2,1000.0,1.0344,96000
1,2,1200.0,1.0344,70000
3,3,1300.0,1.0344,130000
2,3,1200.0,1.0344,81000
1,2,1000.0,1.0344,65000
1,2,1100.0,1.0344,70000
1,2,960.0,1.0344,93000
1,2,1100.0,1.0344,98000
1,2,1000.0,1.0344,96000
1,2,1200.0,1.0344,100000
1,2,1200.0,1.0344,120000
1,2,1100.0,1.0344,98000
1,2,900.0,1.0344,79000
1,2,960.0,1.0344,93000
1,2,990.0,1.0344,95000
1,2,920.0,1.0344,70000
1,2,920.0,1.0344,92000
3,4,1100.0,1.0344,100000
2,2,1300.0,1.0344,120000
2,4,1100.0,1.0344,110000
3,4,770.0,1.0344,94000
2,4,1100.0,1.0344,110000
3,3,1200.0,1.0344,100000
3,3,1200.0,1.0344,74000
1,2,1100.0,1.0344,99000
1,2,900.0,1.0344,87000
2,4,810.0,1.0344,87000
1,1,1100.0,1.0344,98000
1,1,900.0,1.0344,150000
1,1,1100.0,1.0344,100000
1,1,980.0,1.0344,94000
1,1,1100.0,1.0344,98000
1,1,1100.0,1.0344,150000
1,1,1100.0,1.0344,98000
2,3,1200.0,1.0344,100000
2,3,1200.0,1.0344,100000
2,3,900.0,1.0344,91000
1,3,1100.0,1.0344,98000
2,3,1200.0,1.0344,100000
1,3,920.0,1.0344,77000
3,3,900.0,1.0344,59000
3,3,1100.0,1.0344,98000
1,1,1100.0,1.0344,110000
1,1,920.0,1.0344,92000
1,2,990.0,1.0344,95000
1,2,1100.0,1.0344,98000
1,2,1100.0,1.0344,76000
1,2,1100.0,1.0344,75000
1,4,1300.0,1.0344,110000
1,1,950.0,1.0344,110000
1,1,900.0,1.0344,91000
3,1,630.0,1.0344,88000
1,1,980.0,1.0344,94000
2,1,950.0,1.0344,75000
1,1,1100.0,1.0344,71000
1,1,630.0,1.0344,79000
1,2,1200.0,1.0344,120000
1,1,980.0,1.0344,94000
1,1,1100.0,1.0344,110000
3,3,660.0,1.0344,90000
1,3,1200.0,1.0344,130000
2,3,1100.0,1.0344,98000
1,2,1000.0,1.0344,96000
2,3,1900.0,1.046,160000
3,3,,1.046,240000
2,3,2000.0,1.046,240000
2,4,910.0,1.046,96000
2,4,1800.0,1.046,170000
1,4,1100.0,1.046,160000
1,4,1600.0,1.046,160000
3,4,1700.0,1.046,160000
1,4,1300.0,1.046,150000
2,4,1200.0,1.046,210000
3,4,1900.0,1.046,300000
1,4,1200.0,1.046,140000
1,4,1500.0,1.046,150000
1,4,1300.0,1.046,230000
1,4,910.0,1.046,120000
1,4,1800.0,1.046,200000
1,4,1300.0,1.046,140000
1,4,2000.0,1.046,180000
1,4,1300.0,1.046,140000
1,4,1500.0,1.046,300000
1,4,1800.0,1.046,170000
3,4,1700.0,1.046,150000
1,4,1500.0,1.046,150000
1,4,1200.0,1.046,140000
1,4,1600.0,1.046,140000
1,4,1100.0,1.046,130000
1,4,1600.0,1.046,220000
1,1,1600.0,1.046,160000
1,3,1600.0,1.046,160000
3,3,1800.0,1.046,180000
3,3,,1.046,200000
3,3,1100.0,1.046,130000
3,3,1100.0,1.046,140000
3,3,2100.0,1.046,170000
1,3,1400.0,1.046,190000
3,3,1100.0,1.046,110000
3,3,2100.0,1.046,180000
1,3,1600.0,1.046,160000
3,3,1100.0,1.046,87000
3,3,,1.046,200000
1,4,1700.0,1.046,200000
1,4,910.0,1.046,130000
3,2,2000.0,1.046,150000
1,2,1600.0,1.046,120000
1,2,2200.0,1.046,180000
3,2,1800.0,1.046,250000
1,2,1500.0,1.046,150000
2,2,2400.0,1.046,250000
2,3,1600.0,1.046,160000
2,3,2200.0,1.046,130000
1,2,1600.0,1.046,140000
1,2,1700.0,1.046,160000
1,2,1200.0,1.046,120000
1,2,1400.0,1.046,150000
1,2,1800.0,1.046,160000
1,2,1900.0,1.046,160000
1,2,1700.0,1.046,160000
1,2,1300.0,1.046,150000
3,2,1300.0,1.046,150000
1,2,1200.0,1.046,110000
1,2,1300.0,1.046,150000
1,2,2000.0,1.046,180000
1,2,1500.0,1.046,120000
1,2,1900.0,1.046,160000
1,2,1600.0,1.046,130000
3,3,,1.046,170000
3,2,1600.0,1.046,160000
2,2,2000.0,1.046,170000
3,4,1700.0,1.046,190000
2,2,2200.0,1.046,180000
2,2,2400.0,1.046,200000
2,4,1800.0,1.046,170000
2,4,1700.0,1.046,160000
1,1,1900.0,1.046,170000
3,3,1900.0,1.046,170000
1,2,1200.0,1.046,140000
1,2,1900.0,1.046,170000
1,2,1600.0,1.046,160000
3,3,,1.046,200000
2,4,1600.0,1.046,170000
2,4,2000.0,1.046,140000
1,4,1600.0,1.046,230000
2,4,1600.0,1.046,220000
2,4,1300.0,1.046,96000
2,5,2300.0,1.046,170000
2,4,1600.0,1.046,180000
2,4,1700.0,1.046,160000
2,4,1600.0,1.046,160000
2,4,910.0,1.046,120000
2,4,910.0,1.046,96000
1,1,1200.0,1.046,130000
1,1,1900.0,1.046,170000
1,1,1300.0,1.046,99000
2,1,1600.0,1.046,110000
1,1,1900.0,1.046,170000
3,1,1700.0,1.046,120000
1,1,1600.0,1.046,280000
1,1,990.0,1.046,130000
1,1,990.0,1.046,130000
1,1,1400.0,1.046,170000
2,1,1300.0,1.046,140000
1,3,1600.0,1.046,150000
2,3,1600.0,1.046,160000
3,3,1300.0,1.046,150000
2,3,2300.0,1.046,180000
2,3,1700.0,1.046,140000
3,3,1600.0,1.046,160000
2,3,,1.046,210000
3,3,1900.0,1.046,170000
2,3,2000.0,1.046,150000
3,3,,1.046,210000
3,3,,1.046,200000
3,3,,1.046,140000
2,3,1900.0,1.046,170000
2,3,1700.0,1.046,110000
2,4,1600.0,1.046,210000
2,4,1600.0,1.046,300000
2,4,1200.0,1.046,210000
1,5,2300.0,1.046,190000
2,1,990.0,1.046,100000
1,1,1600.0,1.046,160000
1,1,1100.0,1.046,150000
1,1,1300.0,1.046,140000
3,1,1200.0,1.046,85000
2,1,1200.0,1.046,140000
1,1,1900.0,1.046,280000
2,1,1600.0,1.046,180000
2,1,1600.0,1.046,210000
3,3,1400.0,1.046,150000
1,2,1700.0,1.046,250000
2,3,1600.0,1.046,87000
2,3,1900.0,1.046,130000
1,2,1400.0,1.046,120000
1,2,1200.0,1.046,140000
2,4,1800.0,1.046,150000
2,1,1300.0,1.046,130000
1,1,1300.0,1.046,150000
3,1,1300.0,1.046,120000
3,1,1900.0,1.046,150000
3,1,1900.0,1.046,180000
3,1,1600.0,1.046,150000
1,1,1400.0,1.046,150000
2,1,1700.0,1.046,180000
1,1,1600.0,1.046,120000
1,1,1600.0,1.046,160000
2,3,1600.0,1.046,160000
2,4,2000.0,1.046,180000
2,4,1500.0,1.046,110000
1,1,1700.0,1.046,160000
1,1,1300.0,1.046,150000
3,1,1700.0,1.046,170000
3,3,1300.0,1.046,150000
3,3,1100.0,,65000
1,4,700.0,,110000
2,4,670.0,,74000
1,4,670.0,,69000
1,4,960.0,,82000
2,1,700.0,,76000
1,3,840.0,,77000
1,3,840.0,,53000
3,3,840.0,,77000
1,3,660.0,,71000
2,3,840.0,,77000
2,2,1100.0,,92000
1,2,1300.0,,120000
1,2,1100.0,,93000
1,2,1000.0,,85000
2,2,970.0,,120000
1,2,1300.0,,87000
3,2,900.0,,90000
3,3,1300.0,,83000
3,3,1100.0,,75000
2,2,1300.0,,95000
1,2,1100.0,,100000
1,2,1100.0,,86000
1,2,1300.0,,96000
1,2,1200.0,,70000
1,2,840.0,,77000
3,3,1300.0,,91000
3,3,840.0,,59000
3,2,1200.0,,94000
1,2,1200.0,,64000
3,2,1200.0,,94000
2,2,1200.0,,94000
1,3,840.0,,62000
3,2,800.0,,75000
1,2,1100.0,,88000
1,2,800.0,,75000
1,2,1100.0,,86000
3,3,1100.0,,86000
1,1,920.0,,81000
3,3,900.0,,79000
3,3,1200.0,,91000
3,3,900.0,,82000
1,3,1200.0,,130000
2,3,840.0,,64000
1,2,1200.0,,77000
1,4,960.0,,83000
1,1,920.0,,87000
1,1,780.0,,78000
1,2,1100.0,,86000
1,2,960.0,,56000
3,3,1100.0,,89000
1,1,980.0,,83000
1,1,920.0,,81000
1,2,1100.0,,86000
1,1,780.0,,74000
1,1,980.0,,83000
1,1,920.0,,120000
1,2,1200.0,,94000
2,3,2000.0,1.0188,180000
3,3,2000.0,1.0188,87000
3,3,1600.0,1.0188,160000
3,4,1900.0,1.0188,300000
1,4,1100.0,1.0188,160000
3,4,1300.0,1.0188,190000
1,4,1300.0,1.0188,140000
3,4,1700.0,1.0188,260000
2,4,2200.0,1.0188,240000
2,4,1600.0,1.0188,250000
1,4,1800.0,1.0188,170000
3,4,2000.0,1.0188,250000
1,4,1700.0,1.0188,160000
3,4,1700.0,1.0188,220000
2,4,1800.0,1.0188,120000
3,4,910.0,1.0188,120000
2,4,1200.0,1.0188,140000
1,4,1300.0,1.0188,140000
1,4,910.0,1.0188,96000
1,4,1300.0,1.0188,140000
1,4,910.0,1.0188,120000
1,4,1500.0,1.0188,200000
1,4,1100.0,1.0188,140000
1,4,1600.0,1.0188,160000
1,4,1400.0,1.0188,230000
1,4,1300.0,1.0188,140000
1,3,1700.0,1.0188,150000
3,3,1100.0,1.0188,130000
3,3,1800.0,1.0188,170000
3,3,1800.0,1.0188,170000
2,3,1100.0,1.0188,87000
3,3,1900.0,1.0188,170000
1,3,1400.0,1.0188,210000
3,3,1900.0,1.0188,170000
2,5,,1.0188,240000
3,3,1600.0,1.0188,160000
3,3,1600.0,1.0188,160000
1,3,1300.0,1.0188,170000
1,3,1400.0,1.0188,190000
2,3,1700.0,1.0188,110000
2,3,2100.0,1.0188,150000
2,2,2400.0,1.0188,250000
1,2,1600.0,1.0188,160000
1,2,1600.0,1.0188,160000
1,2,1400.0,1.0188,150000
1,2,1300.0,1.0188,120000
1,2,1600.0,1.0188,150000
1,2,1500.0,1.0188,150000
1,2,1200.0,1.0188,89000
3,2,1700.0,1.0188,180000
1,2,1600.0,1.0188,160000
3,2,1800.0,1.0188,250000
2,3,1600.0,1.0188,160000
2,2,1600.0,1.0188,130000
1,2,2400.0,1.0188,250000
1,2,1500.0,1.0188,150000
1,2,1300.0,1.0188,150000
1,2,1600.0,1.0188,170000
1,2,1800.0,1.0188,170000
1,2,1500.0,1.0188,150000
1,2,1100.0,1.0188,130000
1,2,2000.0,1.0188,180000
1,2,1500.0,1.0188,160000
1,2,1400.0,1.0188,130000
3,3,,1.0188,170000
3,3,,1.0188,200000
3,2,2100.0,1.0188,110000
2,2,2400.0,1.0188,250000
3,4,2200.0,1.0188,200000
3,4,1300.0,1.0188,150000
3,2,2400.0,1.0188,190000
3,2,2000.0,1.0188,180000
1,4,1700.0,1.0188,160000
1,4,2200.0,1.0188,190000
1,4,910.0,1.0188,130000
4,4,1200.0,1.0188,140000
1,1,1700.0,1.0188,160000
1,1,1700.0,1.0188,160000
1,1,1300.0,1.0188,140000
3,3,,1.0188,190000
2,3,2000.0,1.0188,170000
3,3,1600.0,1.0188,160000
3,3,,1.0188,240000
3,3,1600.0,1.0188,170000
3,3,1400.0,1.0188,150000
1,2,1600.0,1.0188,160000
2,2,2100.0,1.0188,140000
1,2,1400.0,1.0188,110000
3,3,,1.0188,190000
1,3,1800.0,1.0188,170000
2,5,,1.0188,190000
2,4,1600.0,1.0188,150000
2,4,1100.0,1.0188,140000
2,4,1300.0,1.0188,130000
3,4,1100.0,1.0188,120000
1,1,1300.0,1.0188,150000
1,1,1900.0,1.0188,170000
1,1,1700.0,1.0188,85000
1,1,990.0,1.0188,130000
3,1,1900.0,1.0188,130000
1,1,1700.0,1.0188,85000
1,1,1300.0,1.0188,170000
3,1,1200.0,1.0188,100000
3,1,1600.0,1.0188,85000
1,1,1600.0,1.0188,150000
3,3,1900.0,1.0188,140000
3,5,,1.0188,200000
3,3,1800.0,1.0188,170000
2,3,1600.0,1.0188,170000
2,3,2000.0,1.0188,180000
2,3,2000.0,1.0188,150000
2,3,1300.0,1.0188,150000
2,3,2000.0,1.0188,180000
3,3,,1.0188,190000
2,3,1700.0,1.0188,210000
2,3,,1.0188,240000
3,3,1700.0,1.0188,160000
2,3,1500.0,1.0188,120000
3,3,1900.0,1.0188,170000
3,3,1700.0,1.0188,160000
2,3,1700.0,1.0188,160000
2,3,1600.0,1.0188,160000
2,3,1900.0,1.0188,170000
2,3,,1.0188,240000
1,3,1900.0,1.0188,150000
3,3,,1.0188,180000
3,3,1500.0,1.0188,130000
2,3,1800.0,1.0188,200000
3,3,1900.0,1.0188,160000
2,3,2100.0,1.0188,180000
1,2,1600.0,1.0188,160000
3,5,2000.0,1.0188,350000
3,4,1100.0,1.0188,140000
1,4,1300.0,1.0188,200000
3,4,1800.0,1.0188,170000
1,4,1200.0,1.0188,140000
3,4,1700.0,1.0188,210000
1,4,1400.0,1.0188,220000
1,4,1600.0,1.0188,160000
1,4,1100.0,1.0188,140000
3,4,1600.0,1.0188,210000
1,4,910.0,1.0188,96000
1,1,1600.0,1.0188,280000
3,1,1200.0,1.0188,120000
1,1,1600.0,1.0188,280000
2,1,1200.0,1.0188,140000
1,1,1200.0,1.0188,140000
1,1,1300.0,1.0188,98000
2,1,990.0,1.0188,140000
1,1,1300.0,1.0188,99000
2,3,1600.0,1.0188,130000
3,4,1700.0,1.0188,230000
3,3,2000.0,1.0188,180000
3,3,2000.0,1.0188,180000
1,2,1500.0,1.0188,160000
1,2,2000.0,1.0188,160000
2,3,2000.0,1.0188,120000
2,4,1200.0,1.0188,140000
2,4,1300.0,1.0188,150000
3,1,1200.0,1.0188,150000
3,1,1900.0,1.0188,160000
3,1,1900.0,1.0188,190000
3,1,1300.0,1.0188,100000
1,1,1200.0,1.0188,200000
1,1,1300.0,1.0188,150000
1,1,1200.0,1.0188,140000
1,1,1700.0,1.0188,160000
3,1,1900.0,1.0188,180000
3,1,1900.0,1.0188,190000
2,1,1700.0,1.0188,140000
3,1,1900.0,1.0188,160000
3,2,2000.0,1.0188,150000
2,1,1700.0,1.0188,150000
2,3,1700.0,1.0188,160000
3,3,1800.0,1.0188,210000
1,3,1600.0,1.0188,87000
3,2,1600.0,1.0188,170000
1,2,1300.0,1.0188,150000
2,2,1500.0,1.0188,130000
1,2,2000.0,1.0188,180000
1,4,900.0,1.0696,85000
1,4,1100.0,1.0696,91000
1,4,590.0,1.0696,72000
3,4,780.0,1.0696,150000
1,4,1200.0,1.0696,97000
1,4,900.0,1.0696,85000
1,1,920.0,1.0696,100000
1,1,940.0,1.0696,86000
3,3,900.0,1.0696,85000
3,3,930.0,1.0696,86000
1,3,1100.0,1.0696,91000
3,3,930.0,1.0696,86000
1,4,1200.0,1.0696,97000
1,2,1200.0,1.0696,97000
1,2,1200.0,1.0696,97000
1,2,1100.0,1.0696,93000
3,2,1100.0,1.0696,83000
3,2,1200.0,1.0696,120000
3,3,660.0,1.0696,78000
1,2,1100.0,1.0696,100000
1,2,900.0,1.0696,77000
1,2,960.0,1.0696,87000
1,2,960.0,1.0696,73000
1,2,840.0,1.0696,56000
1,2,960.0,1.0696,100000
1,2,1000.0,1.0696,100000
1,2,740.0,1.0696,100000
2,3,1300.0,1.0696,95000
3,2,1300.0,1.0696,79000
1,2,1200.0,1.0696,96000
3,4,960.0,1.0696,87000
2,2,1200.0,1.0696,97000
1,4,900.0,1.0696,96000
2,3,840.0,1.0696,67000
3,3,840.0,1.0696,83000
3,3,900.0,1.0696,85000
1,2,1100.0,1.0696,91000
1,2,960.0,1.0696,56000
1,2,1200.0,1.0696,120000
1,2,1000.0,1.0696,89000
1,2,1100.0,1.0696,93000
2,4,590.0,1.0696,73000
2,4,590.0,1.0696,79000
2,4,780.0,1.0696,80000
1,1,1100.0,1.0696,91000
1,1,840.0,1.0696,65000
1,1,1100.0,1.0696,91000
1,1,1100.0,1.0696,120000
1,1,1100.0,1.0696,110000
3,3,900.0,1.0696,84000
3,3,930.0,1.0696,86000
2,3,1200.0,1.0696,97000
3,3,660.0,1.0696,68000
1,3,1100.0,1.0696,68000
3,3,1100.0,1.0696,92000
3,3,660.0,1.0696,75000
3,3,1200.0,1.0696,97000
1,1,900.0,1.0696,65000
1,1,940.0,1.0696,86000
3,1,900.0,1.0696,87000
1,1,1000.0,1.0696,100000
1,1,940.0,1.0696,65000
1,2,1200.0,1.0696,97000
1,2,740.0,1.0696,75000
1,2,1100.0,1.0696,91000
1,2,1100.0,1.0696,56000
1,1,960.0,1.0696,87000
1,1,1200.0,1.0696,110000
2,3,1100.0,1.0696,79000
1,2,1100.0,1.0696,91000
1,1,960.0,1.0696,150000
3,3,1900.0,1.0273,100000
2,3,1300.0,1.0273,140000
3,3,1900.0,1.0273,140000
2,3,,1.0273,180000
3,4,910.0,1.0273,130000
3,4,1300.0,1.0273,140000
3,4,1800.0,1.0273,160000
3,4,1200.0,1.0273,240000
1,4,1500.0,1.0273,150000
2,4,1100.0,1.0273,120000
2,4,1300.0,1.0273,210000
3,4,1200.0,1.0273,140000
1,4,1700.0,1.0273,160000
3,4,1100.0,1.0273,140000
1,4,1300.0,1.0273,170000
1,4,1300.0,1.0273,170000
2,3,1600.0,1.0273,120000
1,4,1500.0,1.0273,260000
1,4,1800.0,1.0273,130000
1,4,1200.0,1.0273,300000
1,4,1200.0,1.0273,140000
1,4,1400.0,1.0273,150000
1,4,1200.0,1.0273,200000
1,4,1400.0,1.0273,150000
1,4,1400.0,1.0273,150000
1,4,1600.0,1.0273,160000
2,4,910.0,1.0273,190000
1,4,1300.0,1.0273,140000
1,4,1300.0,1.0273,140000
2,4,1200.0,1.0273,230000
1,4,1300.0,1.0273,200000
1,4,1400.0,1.0273,150000
1,4,1100.0,1.0273,140000
3,4,1300.0,1.0273,130000
3,3,2000.0,1.0273,240000
3,3,1100.0,1.0273,120000
2,3,1800.0,1.0273,160000
3,3,,1.0273,190000
1,3,1100.0,1.0273,120000
3,3,1700.0,1.0273,160000
3,3,1500.0,1.0273,150000
3,3,2000.0,1.0273,170000
3,3,1900.0,1.0273,170000
1,3,1100.0,1.0273,170000
1,3,1600.0,1.0273,150000
2,3,,1.0273,200000
3,3,1700.0,1.0273,110000
2,3,,1.0273,240000
1,4,1100.0,1.0273,130000
2,2,1900.0,1.0273,250000
1,2,1100.0,1.0273,140000
1,2,1600.0,1.0273,160000
3,2,1700.0,1.0273,160000
3,3,1300.0,1.0273,87000
3,3,1900.0,1.0273,190000
2,3,1900.0,1.0273,170000
3,3,2000.0,1.0273,170000
3,3,,1.0273,160000
1,2,1200.0,1.0273,120000
1,2,1200.0,1.0273,140000
1,2,1700.0,1.0273,160000
1,2,1500.0,1.0273,130000
1,2,1400.0,1.0273,130000
1,2,1700.0,1.0273,170000
1,2,1200.0,1.0273,140000
1,2,1200.0,1.0273,89000
1,2,1500.0,1.0273,150000
1,2,1700.0,1.0273,150000
1,2,1200.0,1.0273,140000
1,2,1600.0,1.0273,110000
1,2,1600.0,1.0273,130000
1,2,1700.0,1.0273,140000
1,2,1500.0,1.0273,160000
3,3,1700.0,1.0273,100000
3,3,1700.0,1.0273,160000
3,3,2000.0,1.0273,170000
3,2,2000.0,1.0273,180000
3,2,2000.0,1.0273,170000
3,2,2000.0,1.0273,250000
3,2,1300.0,1.0273,110000
3,2,1700.0,1.0273,120000
3,2,2000.0,1.0273,160000
2,4,1700.0,1.0273,160000
2,2,2400.0,1.0273,180000
1,4,1200.0,1.0273,140000
3,4,1600.0,1.0273,96000
1,4,1600.0,1.0273,150000
3,4,1300.0,1.0273,96000
3,4,2200.0,1.0273,160000
1,1,1200.0,1.0273,120000
1,1,1300.0,1.0273,140000
1,3,1600.0,1.0273,87000
2,3,1500.0,1.0273,180000
1,2,1700.0,1.0273,160000
1,2,1400.0,1.0273,140000
1,2,1500.0,1.0273,130000
3,3,1600.0,1.0273,130000
3,3,1600.0,1.0273,150000
3,3,2100.0,1.0273,170000
3,4,1500.0,1.0273,160000
2,4,1500.0,1.0273,150000
2,4,1200.0,1.0273,140000
3,4,1300.0,1.0273,140000
2,1,1400.0,1.0273,130000
1,1,1700.0,1.0273,160000
1,1,1900.0,1.0273,230000
1,1,1500.0,1.0273,150000
1,1,1400.0,1.0273,210000
1,1,1300.0,1.0273,120000
1,1,1300.0,1.0273,140000
1,1,1400.0,1.0273,150000
1,1,1400.0,1.0273,210000
3,1,1200.0,1.0273,100000
3,3,2000.0,1.0273,170000
3,3,1700.0,1.0273,190000
3,3,1900.0,1.0273,160000
3,3,2000.0,1.0273,180000
2,3,2000.0,1.0273,240000
1,3,1600.0,1.0273,120000
3,3,1700.0,1.0273,130000
3,3,1600.0,1.0273,140000
3,3,2200.0,1.0273,180000
2,3,1600.0,1.0273,87000
3,3,1300.0,1.0273,110000
3,3,1600.0,1.0273,150000
1,3,2100.0,1.0273,170000
3,3,2000.0,1.0273,170000
3,3,2100.0,1.0273,180000
2,3,,1.0273,240000
3,3,2000.0,1.0273,110000
2,3,1800.0,1.0273,160000
2,3,2000.0,1.0273,170000
2,3,1300.0,1.0273,150000
3,4,1300.0,1.0273,140000
3,4,1400.0,1.0273,150000
3,4,1500.0,1.0273,150000
2,4,1300.0,1.0273,140000
1,4,1300.0,1.0273,140000
1,4,1700.0,1.0273,170000
1,4,1500.0,1.0273,240000
1,4,1100.0,1.0273,140000
2,4,1400.0,1.0273,150000
1,4,1600.0,1.0273,160000
2,4,1500.0,1.0273,190000
1,1,1600.0,1.0273,150000
3,1,990.0,1.0273,130000
1,1,990.0,1.0273,130000
1,1,1300.0,1.0273,140000
3,1,990.0,1.0273,150000
3,1,1500.0,1.0273,150000
3,1,1600.0,1.0273,160000
3,3,,1.0273,190000
3,3,1900.0,1.0273,170000
3,4,1600.0,1.0273,150000
1,2,1100.0,1.0273,150000
1,2,2400.0,1.0273,180000
3,3,1900.0,1.0273,170000
1,2,1400.0,1.0273,120000
1,2,1200.0,1.0273,140000
1,2,1400.0,1.0273,120000
1,2,1600.0,1.0273,120000
3,1,1300.0,1.0273,130000
1,1,1900.0,1.0273,160000
1,1,1200.0,1.0273,110000
1,1,1400.0,1.0273,150000
3,1,1900.0,1.0273,180000
2,2,1200.0,1.0273,120000
1,2,1200.0,1.0273,89000
1,2,1600.0,1.0273,130000
2,3,1600.0,1.0273,130000
2,4,1500.0,1.0273,150000
2,4,1500.0,1.0273,190000
2,4,1500.0,1.0273,190000
1,1,1700.0,1.0273,160000
1,1,1700.0,1.0273,160000
1,1,1500.0,1.0273,150000
3,3,1900.0,1.0273,100000
3,3,1600.0,1.0273,150000
3,3,1900.0,1.0273,190000
3,2,1400.0,1.0273,190000
2,2,1100.0,1.0273,150000
1,3,1200.0,1.0339,91000
2,3,960.0,1.0339,79000
1,4,590.0,1.0339,71000
3,4,740.0,1.0339,68000
1,4,740.0,1.0339,68000
1,4,960.0,1.0339,100000
1,3,830.0,1.0339,90000
1,4,900.0,1.0339,76000
1,4,670.0,1.0339,85000
1,2,1200.0,1.0339,91000
1,2,1200.0,1.0339,100000
1,2,1200.0,1.0339,91000
1,2,1100.0,1.0339,83000
3,3,1100.0,1.0339,84000
2,3,1200.0,1.0339,70000
1,2,1100.0,1.0339,77000
1,2,1100.0,1.0339,75000
1,2,960.0,1.0339,82000
1,2,900.0,1.0339,86000
1,2,1100.0,1.0339,74000
1,2,1200.0,1.0339,79000
1,2,1200.0,1.0339,96000
1,2,1200.0,1.0339,96000
1,2,1200.0,1.0339,81000
3,2,1200.0,1.0339,91000
2,4,1200.0,1.0339,91000
1,1,960.0,1.0339,93000
1,1,1000.0,1.0339,91000
3,3,1200.0,1.0339,91000
3,3,840.0,1.0339,73000
3,3,840.0,1.0339,53000
1,2,1000.0,1.0339,96000
3,3,920.0,1.0339,77000
3,3,1300.0,1.0339,94000
1,4,670.0,1.0339,80000
1,1,950.0,1.0339,78000
1,1,1100.0,1.0339,55000
1,1,630.0,1.0339,55000
1,1,960.0,1.0339,79000
1,3,840.0,1.0339,65000
2,3,1300.0,1.0339,94000
3,3,1100.0,1.0339,85000
1,3,840.0,1.0339,70000
1,3,1200.0,1.0339,93000
3,3,920.0,1.0339,65000
3,4,740.0,1.0339,68000
1,4,1200.0,1.0339,91000
1,4,590.0,1.0339,110000
3,4,900.0,1.0339,85000
1,4,640.0,1.0339,57000
1,1,920.0,1.0339,65000
1,1,920.0,1.0339,65000
1,1,920.0,1.0339,65000
1,1,920.0,1.0339,75000
1,4,590.0,1.0339,63000
2,2,1100.0,1.0339,84000
1,2,1200.0,1.0339,91000
1,2,1100.0,1.0339,89000
1,4,1200.0,1.0339,90000
1,1,840.0,1.0339,73000
1,1,630.0,1.0339,62000
3,3,660.0,1.0339,68000
1,2,1100.0,1.0339,120000
1,2,960.0,1.0339,79000
1,2,920.0,1.0339,80000
2,4,670.0,1.0339,65000
2,4,590.0,1.0339,57000
3,3,840.0,1.0339,73000
3,2,1200.0,1.0339,89000
3,4,1300.0,1.0439,120000
2,4,1300.0,1.0439,140000
2,5,,1.0439,260000
3,5,,1.0439,200000
3,4,1300.0,1.0439,140000
2,4,1200.0,1.0439,96000
3,4,1500.0,1.0439,150000
2,4,1300.0,1.0439,110000
3,4,1600.0,1.0439,300000
1,4,1700.0,1.0439,160000
3,4,1600.0,1.0439,200000
3,4,2200.0,1.0439,170000
1,4,1200.0,1.0439,140000
1,4,1200.0,1.0439,170000
1,4,2200.0,1.0439,190000
1,4,1800.0,1.0439,160000
1,4,1800.0,1.0439,160000
1,4,1700.0,1.0439,160000
1,4,1200.0,1.0439,140000
1,4,1700.0,1.0439,160000
3,3,,1.0439,220000
3,3,1700.0,1.0439,140000
1,4,1300.0,1.0439,140000
1,4,1300.0,1.0439,140000
1,4,1500.0,1.0439,150000
1,4,1200.0,1.0439,140000
2,4,1700.0,1.0439,110000
1,4,1100.0,1.0439,240000
1,4,1200.0,1.0439,96000
1,4,1200.0,1.0439,140000
1,4,1500.0,1.0439,150000
1,4,1300.0,1.0439,140000
1,4,1600.0,1.0439,160000
1,4,1500.0,1.0439,150000
1,4,1200.0,1.0439,96000
3,5,,1.0439,350000
1,4,1500.0,1.0439,200000
3,4,1300.0,1.0439,210000
1,4,1100.0,1.0439,130000
3,3,1300.0,1.0439,120000
3,3,1800.0,1.0439,160000
1,5,1900.0,1.0439,350000
2,3,1300.0,1.0439,140000
3,3,1600.0,1.0439,150000
3,3,2100.0,1.0439,180000
3,3,1300.0,1.0439,140000
3,3,1900.0,1.0439,170000
1,3,1100.0,1.0439,140000
3,3,1600.0,1.0439,140000
3,3,1900.0,1.0439,210000
3,3,2100.0,1.0439,180000
2,3,,1.0439,240000
2,3,1600.0,1.0439,150000
3,3,,1.0439,240000
2,3,1300.0,1.0439,140000
1,4,2200.0,1.0439,190000
1,4,1100.0,1.0439,130000
1,2,2200.0,1.0439,250000
2,2,1700.0,1.0439,160000
3,2,1700.0,1.0439,160000
1,2,1700.0,1.0439,160000
1,2,1600.0,1.0439,150000
3,2,2100.0,1.0439,180000
1,2,1700.0,1.0439,160000
3,3,2200.0,1.0439,180000
3,3,1500.0,1.0439,87000
2,3,2000.0,1.0439,100000
2,3,2000.0,1.0439,140000
2,3,1600.0,1.0439,120000
3,3,2300.0,1.0439,190000
3,3,1600.0,1.0439,150000
1,2,1200.0,1.0439,180000
1,2,1100.0,1.0439,120000
1,2,1600.0,1.0439,170000
1,2,1400.0,1.0439,130000
1,2,1300.0,1.0439,140000
1,2,1600.0,1.0439,140000
1,2,1500.0,1.0439,140000
1,2,1600.0,1.0439,140000
3,2,2100.0,1.0439,120000
3,2,1900.0,1.0439,170000
1,4,1300.0,1.0439,140000
2,4,1800.0,1.0439,96000
3,4,2200.0,1.0439,190000
1,1,1300.0,1.0439,110000
2,3,1600.0,1.0439,190000
3,3,1600.0,1.0439,130000
3,3,1600.0,1.0439,150000
2,3,2100.0,1.0439,170000
2,3,1900.0,1.0439,160000
3,3,1900.0,1.0439,170000
1,2,1500.0,1.0439,150000
3,2,1600.0,1.0439,120000
3,3,1700.0,1.0439,160000
3,3,1600.0,1.0439,100000
2,4,1400.0,1.0439,170000
2,4,1100.0,1.0439,110000
2,4,1300.0,1.0439,150000
2,4,1500.0,1.0439,220000
2,4,1800.0,1.0439,130000
1,1,1600.0,1.0439,280000
1,1,1500.0,1.0439,120000
1,1,1600.0,1.0439,130000
1,1,1500.0,1.0439,230000
3,1,1600.0,1.0439,150000
2,1,1300.0,1.0439,140000
1,1,1400.0,1.0439,150000
2,1,1300.0,1.0439,150000
2,3,1900.0,1.0439,140000
1,3,1300.0,1.0439,100000
3,3,1300.0,1.0439,130000
2,3,,1.0439,190000
2,3,2000.0,1.0439,190000
2,3,1600.0,1.0439,150000
2,3,1900.0,1.0439,130000
2,3,,1.0439,200000
3,3,2100.0,1.0439,180000
2,3,2100.0,1.0439,120000
2,3,1700.0,1.0439,150000
3,3,2000.0,1.0439,170000
1,3,1600.0,1.0439,150000
1,3,2000.0,1.0439,240000
2,3,1600.0,1.0439,130000
1,3,1400.0,1.0439,150000
1,3,1700.0,1.0439,110000
2,3,1800.0,1.0439,130000
3,3,1700.0,1.0439,160000
3,3,1600.0,1.0439,130000
3,3,1700.0,1.0439,170000
2,3,1600.0,1.0439,160000
2,3,1600.0,1.0439,160000
1,2,1500.0,1.0439,150000
3,3,2200.0,1.0439,150000
3,4,1500.0,1.0439,150000
1,4,1100.0,1.0439,160000
1,4,1700.0,1.0439,160000
1,4,1600.0,1.0439,160000
1,4,1300.0,1.0439,140000
2,4,1500.0,1.0439,300000
1,5,,1.0439,210000
3,4,1500.0,1.0439,230000
3,1,1600.0,1.0439,170000
1,1,1300.0,1.0439,280000
3,1,1300.0,1.0439,140000
3,1,1900.0,1.0439,200000
1,2,1700.0,1.0439,130000
2,2,1300.0,1.0439,150000
2,3,2100.0,1.0439,140000
1,1,1300.0,1.0439,140000
1,1,1400.0,1.0439,280000
1,1,1300.0,1.0439,140000
1,1,1300.0,1.0439,140000
1,1,1200.0,1.0439,130000
1,1,1500.0,1.0439,150000
3,1,1300.0,1.0439,190000
1,1,1600.0,1.0439,150000
2,4,1400.0,1.0439,140000
1,1,1600.0,1.0439,150000
1,1,1600.0,1.0439,150000
1,1,1500.0,1.0439,220000
3,2,1100.0,1.0439,110000
