WEIGHT,LOCATION,REGION,SECTIONS,PRICE,SQFT,BEDROOMS,WGTADJ
69.1571,1,3,1,90000,1200,3,0.9369
69.1571,2,3,1,82000,1200,3,0.9369
69.1571,3,3,1,68000,1100,3,0.9369
18.5789,2,4,1,90000,1200,3,0.9369
18.5789,1,4,1,90000,1200,3,0.9369
18.5789,1,4,1,76000,920,3,0.9369
18.5789,1,4,1,85000,1100,3,0.9369
18.5789,1,4,1,71000,820,1,0.9369
18.5789,3,4,1,85000,1100,3,0.9369
18.5789,1,4,1,94000,1300,3,0.9369
18.5789,1,4,1,85000,1100,3,0.9369
11.45,2,1,1,96000,1200,3,0.9369
69.1571,2,3,1,69000,660,1,0.9369
15.7455,1,2,1,66000,740,1,0.9369
15.7455,1,2,1,90000,1200,3,0.9369
15.7455,1,2,1,82000,1100,3,0.9369
15.7455,1,2,1,94000,1300,3,0.9369
15.7455,1,2,1,91000,740,1,0.9369
15.7455,1,2,1,78000,960,3,0.9369
15.7455,1,2,1,69000,740,1,0.9369
15.7455,1,2,1,78000,960,3,0.9369
69.1571,3,3,1,75000,900,1,0.9369
69.1571,2,3,1,73000,1300,3,0.9369
15.7455,1,2,1,90000,1200,3,0.9369
15.7455,1,2,1,87000,1200,3,0.9369
15.7455,1,2,1,71000,1100,3,0.9369
15.7455,1,2,1,94000,1300,3,0.9369
15.7455,1,2,1,65000,1200,3,0.9369
15.7455,1,2,1,67000,1100,3,0.9369
15.7455,1,2,1,100000,1200,1,0.9369
15.7455,1,2,1,76000,920,3,0.9369
15.7455,1,2,1,82000,1100,3,0.9369
15.7455,1,2,1,82000,1100,3,0.9369
18.5789,3,4,1,94000,1300,3,0.9369
15.7455,2,2,1,90000,1200,3,0.9369
11.45,1,1,1,93000,780,1,0.9369
69.1571,1,3,1,98000,920,1,0.9369
15.7455,1,2,1,56000,1200,3,0.9369
15.7455,3,2,1,92000,1200,1,0.9369
69.1571,3,3,1,53000,840,1,0.9369
18.5789,2,4,1,57000,820,1,0.9369
11.45,1,1,1,95000,960,1,0.9369
11.45,1,1,1,99000,630,1,0.9369
11.45,1,1,1,82000,1100,3,0.9369
11.45,3,1,1,80000,950,1,0.9369
11.45,1,1,1,76000,1100,3,0.9369
69.1571,2,3,1,73000,1200,3,0.9369
69.1571,3,3,1,90000,1200,3,0.9369
69.1571,1,3,1,98000,1200,3,0.9369
69.1571,3,3,1,65000,840,1,0.9369
69.1571,3,3,1,100000,1200,3,0.9369
69.1571,2,3,1,53000,960,1,0.9369
69.1571,1,3,1,96000,900,1,0.9369
69.1571,2,3,1,84000,1100,1,0.9369
15.7455,1,2,1,75000,1300,3,0.9369
69.1571,2,3,1,68000,1200,3,0.9369
69.1571,1,3,1,53000,1200,3,0.9369
18.5789,3,4,1,71000,820,1,0.9369
18.5789,1,1,1,90000,1200,3,0.9369
11.45,1,1,1,80000,1000,1,0.9369
11.45,3,1,1,82000,1100,3,0.9369
34.5786,3,3,2,140000,2000,3,1.0616
34.5786,2,3,2,130000,1700,3,1.0616
34.5786,3,3,2,140000,1700,3,1.0616
6.193,3,5,3,270000,2600,3,1.0616
9.2895,3,4,2,210000,1200,3,1.0616
9.2895,3,4,2,140000,1300,1,1.0616
9.2895,2,4,2,130000,1700,3,1.0616
9.2895,3,4,2,190000,2200,3,1.0616
9.2895,1,4,2,140000,1500,3,1.0616
9.2895,2,4,2,210000,1600,3,1.0616
9.2895,1,4,2,180000,1400,3,1.0616
9.2895,1,4,2,160000,2000,3,1.0616
9.2895,1,4,2,120000,910,1,1.0616
9.2895,2,4,2,150000,1500,3,1.0616
34.5786,3,3,2,87000,1700,3,1.0616
34.5786,3,3,2,140000,1900,3,1.0616
34.5786,3,3,2,130000,2100,3,1.0616
9.2895,2,4,2,96000,910,3,1.0616
9.2895,1,4,2,140000,1600,3,1.0616
9.2895,1,4,2,120000,1100,3,1.0616
9.2895,1,4,2,120000,1200,1,1.0616
9.2895,1,4,2,200000,1500,3,1.0616
9.2895,2,4,2,120000,910,1,1.0616
9.2895,3,4,2,140000,1600,3,1.0616
9.2895,1,4,2,260000,1200,1,1.0616
9.2895,1,4,2,150000,1600,3,1.0616
9.2895,1,4,2,150000,1600,3,1.0616
9.2895,1,4,2,130000,1300,1,1.0616
9.2895,1,4,2,160000,1800,3,1.0616
9.2895,1,4,2,180000,2200,3,1.0616
5.725,2,1,2,140000,1300,3,1.0616
34.5786,3,3,2,170000,2100,3,1.0616
34.5786,2,3,2,200000,2500,3,1.0616
34.5786,3,3,2,110000,1700,3,1.0616
34.5786,3,3,2,240000,2500,3,1.0616
34.5786,3,3,2,140000,1600,3,1.0616
34.5786,2,3,2,87000,1100,3,1.0616
34.5786,3,3,2,150000,2100,3,1.0616
34.5786,3,3,2,160000,1900,3,1.0616
34.5786,3,3,2,140000,1600,3,1.0616
6.193,3,5,3,310000,3100,3,1.0616
7.8727,2,2,2,170000,2000,3,1.0616
7.8727,2,2,2,130000,1300,3,1.0616
7.8727,2,2,2,170000,2000,3,1.0616
7.8727,1,2,2,140000,1600,3,1.0616
34.5786,2,2,2,160000,2000,3,1.0616
7.8727,3,2,2,160000,1600,3,1.0616
7.8727,1,2,2,150000,1700,3,1.0616
7.8727,2,2,2,150000,1600,3,1.0616
34.5786,3,3,2,120000,1700,3,1.0616
34.5786,3,3,2,140000,2100,3,1.0616
7.8727,1,2,2,150000,1600,3,1.0616
7.8727,1,2,2,250000,1800,3,1.0616
7.8727,1,2,2,89000,1300,3,1.0616
7.8727,1,2,2,120000,1100,3,1.0616
7.8727,1,2,2,120000,1600,3,1.0616
7.8727,1,2,2,120000,1200,3,1.0616
7.8727,1,2,2,89000,1200,3,1.0616
7.8727,1,2,2,170000,2100,3,1.0616
7.8727,1,2,2,140000,1600,3,1.0616
7.8727,1,2,2,160000,2000,3,1.0616
7.8727,1,2,2,160000,1800,3,1.0616
7.8727,1,2,2,150000,1600,3,1.0616
7.8727,1,2,2,160000,1800,3,1.0616
7.8727,1,2,2,120000,1300,3,1.0616
7.8727,1,2,2,110000,1600,3,1.0616
7.8727,1,2,2,150000,1800,3,1.0616
34.5786,3,3,2,110000,2200,3,1.0616
7.8727,1,2,2,100000,1500,3,1.0616
7.8727,2,2,2,89000,2000,3,1.0616
7.8727,3,2,2,160000,2000,3,1.0616
9.2895,2,4,2,170000,2100,3,1.0616
7.8727,3,2,2,200000,2400,3,1.0616
7.8727,4,2,2,190000,2400,3,1.0616
7.8727,3,2,2,140000,1600,3,1.0616
7.8727,2,2,2,190000,2400,3,1.0616
9.2895,1,4,2,150000,1700,3,1.0616
9.2895,3,4,2,140000,1600,3,1.0616
9.2895,3,4,2,200000,2100,3,1.0616
9.2895,2,4,2,170000,2200,3,1.0616
9.2895,3,4,2,140000,1600,3,1.0616
9.2895,2,4,2,160000,1800,3,1.0616
9.2895,3,4,2,96000,1600,3,1.0616
5.725,2,1,2,140000,1600,3,1.0616
34.5786,2,3,2,160000,1900,3,1.0616
7.8727,3,2,2,140000,1600,3,1.0616
7.8727,1,2,2,140000,1400,1,1.0616
34.5786,3,3,2,87000,1500,3,1.0616
9.2895,2,4,2,120000,1600,3,1.0616
9.2895,2,4,2,110000,1100,3,1.0616
6.193,2,5,3,180000,2900,3,1.0616
9.2895,3,4,2,210000,2100,3,1.0616
9.2895,2,4,2,120000,1100,1,1.0616
9.2895,2,4,2,140000,1500,3,1.0616
6.193,3,5,3,220000,2900,3,1.0616
5.725,1,1,2,210000,1700,3,1.0616
34.5786,2,1,2,170000,1900,3,1.0616
5.725,2,1,2,85000,1200,3,1.0616
5.725,1,1,2,130000,1300,3,1.0616
5.725,2,1,2,180000,1300,1,1.0616
5.725,1,1,2,140000,1600,3,1.0616
5.725,1,1,2,140000,1600,3,1.0616
5.725,1,1,2,210000,1700,3,1.0616
5.725,1,1,2,140000,1600,3,1.0616
5.725,3,1,2,100000,1300,3,1.0616
34.5786,2,3,2,87000,1600,3,1.0616
34.5786,3,3,2,170000,1700,3,1.0616
34.5786,2,3,2,240000,2500,3,1.0616
34.5786,2,3,2,180000,2300,3,1.0616
34.5786,3,3,2,140000,1800,3,1.0616
34.5786,2,3,2,170000,2000,3,1.0616
34.5786,3,3,2,130000,2300,3,1.0616
34.5786,2,3,2,110000,1900,3,1.0616
34.5786,3,3,2,240000,2500,3,1.0616
34.5786,3,3,2,130000,1700,3,1.0616
34.5786,3,3,2,150000,1700,3,1.0616
34.5786,3,3,2,190000,2500,3,1.0616
34.5786,3,3,2,130000,1900,3,1.0616
34.5786,2,3,2,87000,1600,3,1.0616
34.5786,3,3,2,190000,2500,3,1.0616
34.5786,3,3,2,150000,2500,3,1.0616
34.5786,2,3,2,190000,2500,3,1.0616
7.8727,3,2,2,160000,1400,1,1.0616
34.5786,3,3,2,190000,2500,3,1.0616
9.2895,3,4,2,220000,1400,1,1.0616
9.2895,3,4,2,180000,1200,1,1.0616
9.2895,3,4,2,220000,1100,1,1.0616
5.725,1,1,2,150000,1700,3,1.0616
5.725,3,1,2,120000,1600,1,1.0616
5.725,1,1,2,140000,1700,1,1.0616
5.725,1,1,2,200000,1700,1,1.0616
5.725,1,1,2,120000,990,1,1.0616
5.725,2,1,2,280000,1500,3,1.0616
5.725,1,1,2,130000,1600,3,1.0616
34.5786,2,3,2,170000,2000,3,1.0616
9.2895,1,4,2,150000,1700,3,1.0616
7.8727,3,2,2,110000,1600,3,1.0616
34.5786,2,3,2,210000,2500,3,1.0616
7.8727,1,2,2,160000,2000,3,1.0616
7.8727,3,2,2,120000,2000,3,1.0616
9.2895,2,4,2,140000,1600,3,1.0616
9.2895,2,4,2,230000,2200,3,1.0616
5.725,1,1,2,110000,990,1,1.0616
5.725,1,1,2,130000,1200,3,1.0616
5.725,1,1,2,150000,1700,3,1.0616
5.725,3,1,2,100000,1200,3,1.0616
5.725,2,1,2,120000,1600,3,1.0616
5.725,3,1,2,85000,1300,3,1.0616
5.725,1,1,2,140000,1600,3,1.0616
34.5786,3,3,2,110000,1600,3,1.0616
9.2895,3,4,2,96000,1200,3,1.0616
5.725,3,1,2,85000,990,1,1.0616
5.725,3,1,2,170000,1700,3,1.0616
34.5786,1,3,2,190000,2500,3,1.0616
7.8727,2,2,2,160000,1800,3,1.0616
7.8727,1,2,2,130000,1500,3,1.0616
70.25,2,3,1,53000,900,1,0.9875
70.25,1,3,1,85000,1300,1,0.9875
70.25,3,3,1,99000,1200,3,0.9875
21.1474,2,4,1,75000,900,3,0.9875
15.3545,1,4,1,84000,1100,3,0.9875
21.1474,1,4,1,84000,1100,3,0.9875
21.1474,1,4,1,84000,1100,3,0.9875
12.3167,1,3,1,69000,840,1,0.9875
70.25,3,3,1,100000,1100,3,0.9875
70.25,3,3,1,95000,1300,3,0.9875
15.3545,1,2,1,86000,1100,3,0.9875
15.3545,1,2,1,86000,1100,3,0.9875
15.3545,1,2,1,84000,1100,3,0.9875
15.3545,3,2,1,92000,1200,3,0.9875
15.3545,1,2,1,69000,740,1,0.9875
15.3545,2,2,1,120000,1200,3,0.9875
15.3545,1,2,1,120000,1100,3,0.9875
15.3545,1,2,1,56000,1100,3,0.9875
15.3545,1,2,1,84000,1100,1,0.9875
15.3545,1,2,1,88000,1100,3,0.9875
15.3545,1,2,1,80000,990,1,0.9875
70.25,3,3,1,92000,1200,3,0.9875
70.25,3,3,1,72000,840,1,0.9875
70.25,3,3,1,92000,1200,3,0.9875
15.3545,1,2,1,86000,1100,3,0.9875
15.3545,1,2,1,89000,1100,1,0.9875
15.3545,1,2,1,86000,1100,3,0.9875
15.3545,1,2,1,86000,1100,3,0.9875
15.3545,1,2,1,86000,1100,3,0.9875
70.25,3,3,1,65000,1300,3,0.9875
70.25,3,3,1,75000,900,1,0.9875
15.3545,1,2,1,87000,1100,3,0.9875
15.3545,3,2,1,70000,1100,3,0.9875
15.3545,1,2,1,62000,840,1,0.9875
21.1474,2,4,1,110000,1200,3,0.9875
15.3545,2,2,1,84000,1100,3,0.9875
21.1474,2,4,1,75000,900,3,0.9875
12.3167,1,1,1,86000,810,3,0.9875
15.3545,1,2,1,86000,1100,3,0.9875
21.1474,3,3,1,77000,920,3,0.9875
70.25,3,3,1,92000,1200,3,0.9875
70.25,2,3,1,84000,1100,3,0.9875
70.25,3,3,1,99000,1200,3,0.9875
70.25,3,3,1,72000,840,1,0.9875
70.25,3,3,1,92000,1200,3,0.9875
70.25,3,3,1,66000,840,1,0.9875
70.25,1,3,1,75000,920,3,0.9875
70.25,3,3,1,110000,1200,3,0.9875
70.25,2,3,1,96000,1300,3,0.9875
70.25,2,3,1,72000,840,3,0.9875
15.3545,1,2,1,56000,840,1,0.9875
21.1474,1,4,1,84000,1100,3,0.9875
21.1474,3,4,1,78000,920,1,0.9875
12.3167,1,1,1,97000,1200,3,0.9875
15.3545,1,1,1,150000,630,1,0.9875
12.3167,1,1,1,92000,1200,3,0.9875
15.3545,1,2,1,75000,1200,3,0.9875
15.3545,2,2,1,84000,1100,1,0.9875
35.125,2,3,2,150000,2500,3,1.0442
35.125,3,3,2,160000,1800,3,1.0442
10.5737,3,4,2,160000,1700,3,1.0442
7.0491,4,5,3,210000,2800,3,1.0442
7.0491,3,5,3,250000,2400,1,1.0442
10.5737,1,4,2,120000,1400,1,1.0442
10.5737,3,4,2,130000,1300,3,1.0442
10.5737,2,4,2,140000,1300,3,1.0442
10.5737,1,4,2,220000,1200,1,1.0442
10.5737,1,4,2,150000,1500,3,1.0442
10.5737,3,4,2,150000,1600,3,1.0442
10.5737,1,4,2,130000,1200,1,1.0442
10.5737,3,4,2,190000,1600,3,1.0442
10.5737,2,4,2,260000,1100,1,1.0442
10.5737,3,4,2,220000,1600,3,1.0442
10.5737,3,4,2,96000,2000,3,1.0442
10.5737,1,4,2,180000,1400,3,1.0442
10.5737,1,4,2,130000,1100,1,1.0442
35.125,3,3,2,110000,1800,3,1.0442
10.5737,1,4,2,130000,1200,3,1.0442
10.5737,1,4,2,150000,1500,3,1.0442
7.0491,2,5,3,190000,2600,3,1.0442
10.5737,1,4,2,300000,1600,3,1.0442
10.5737,1,4,2,150000,1500,3,1.0442
10.5737,1,4,2,160000,1600,3,1.0442
10.5737,1,4,2,300000,1600,3,1.0442
10.5737,1,4,2,96000,910,1,1.0442
10.5737,1,4,2,170000,1800,3,1.0442
10.5737,3,4,2,96000,910,1,1.0442
10.5737,2,4,2,96000,910,1,1.0442
10.5737,1,4,2,220000,1200,3,1.0442
10.5737,1,4,2,140000,1400,1,1.0442
10.5737,1,4,2,170000,1800,3,1.0442
10.5737,3,4,2,300000,1800,3,1.0442
6.1583,3,3,2,120000,1100,3,1.0442
6.1583,2,3,2,160000,1900,3,1.0442
35.125,3,3,2,170000,1800,3,1.0442
35.125,3,3,2,130000,1500,3,1.0442
35.125,3,3,2,210000,2500,3,1.0442
35.125,1,3,2,150000,1100,1,1.0442
35.125,3,3,2,180000,2000,3,1.0442
35.125,2,3,2,150000,1500,3,1.0442
35.125,2,3,2,140000,1900,3,1.0442
35.125,2,3,2,160000,1700,3,1.0442
10.5737,1,4,2,140000,1200,1,1.0442
10.5737,1,4,2,140000,1400,3,1.0442
7.6773,2,2,2,160000,1800,3,1.0442
7.6773,2,2,2,170000,1900,3,1.0442
7.6773,1,2,2,200000,2400,3,1.0442
7.6773,2,2,2,130000,1100,3,1.0442
7.6773,1,2,2,150000,1600,3,1.0442
7.6773,1,2,2,130000,1100,3,1.0442
7.6773,1,2,2,150000,1500,3,1.0442
7.6773,1,2,2,150000,1500,3,1.0442
7.6773,1,2,2,140000,1300,3,1.0442
35.125,3,3,2,180000,2000,3,1.0442
35.125,3,3,2,130000,1600,3,1.0442
35.125,2,3,2,100000,2000,3,1.0442
35.125,3,3,2,170000,1900,3,1.0442
35.125,3,3,2,170000,2500,3,1.0442
7.6773,1,2,2,150000,1600,3,1.0442
7.6773,1,2,2,89000,1100,3,1.0442
7.6773,3,2,2,120000,1800,3,1.0442
7.6773,1,2,2,150000,1600,3,1.0442
7.6773,1,2,2,250000,2400,3,1.0442
7.6773,2,2,2,140000,1800,3,1.0442
7.6773,1,2,2,150000,1600,3,1.0442
7.6773,1,2,2,160000,1600,3,1.0442
7.6773,1,2,2,120000,1800,3,1.0442
35.125,3,3,2,150000,1600,3,1.0442
35.125,3,3,2,150000,1900,3,1.0442
35.125,3,3,2,150000,2500,3,1.0442
35.125,2,3,2,190000,2100,1,1.0442
7.6773,1,2,2,140000,1700,3,1.0442
7.6773,3,2,2,110000,1300,3,1.0442
7.6773,2,2,2,150000,2000,3,1.0442
7.6773,3,2,2,150000,1900,3,1.0442
10.5737,3,4,2,180000,2000,3,1.0442
10.5737,3,4,2,130000,1200,3,1.0442
7.6773,3,2,2,140000,1300,3,1.0442
7.6773,1,2,2,150000,1700,3,1.0442
7.6773,2,2,2,250000,2400,3,1.0442
10.5737,2,4,2,96000,1500,3,1.0442
10.5737,2,4,2,140000,2000,3,1.0442
6.1583,3,1,2,130000,1300,3,1.0442
6.1583,1,1,2,150000,1600,3,1.0442
35.125,2,3,2,160000,1900,3,1.0442
35.125,3,3,2,120000,1900,3,1.0442
7.6773,3,2,2,170000,2400,3,1.0442
7.6773,1,2,2,89000,1300,3,1.0442
35.125,2,3,2,240000,1900,3,1.0442
10.5737,2,4,2,96000,2000,1,1.0442
10.5737,3,4,2,180000,1700,3,1.0442
10.5737,2,4,2,96000,1800,3,1.0442
10.5737,2,4,2,160000,1800,3,1.0442
10.5737,2,4,2,110000,1800,3,1.0442
10.5737,3,4,2,120000,2000,3,1.0442
10.5737,2,4,2,170000,1800,3,1.0442
10.5737,2,4,2,170000,1900,1,1.0442
6.1583,3,1,2,96000,1700,3,1.0442
6.1583,1,1,2,150000,1700,3,1.0442
6.1583,3,1,2,130000,1900,3,1.0442
6.1583,3,1,2,85000,990,3,1.0442
6.1583,1,1,2,280000,1700,1,1.0442
6.1583,1,1,2,160000,1900,3,1.0442
6.1583,3,1,2,85000,1700,3,1.0442
35.125,2,3,2,130000,1600,3,1.0442
35.125,3,3,2,120000,1900,3,1.0442
35.125,3,3,2,170000,1900,3,1.0442
35.125,3,3,2,130000,1600,3,1.0442
35.125,3,3,2,120000,1600,3,1.0442
35.125,2,3,2,140000,1700,3,1.0442
35.125,2,3,2,200000,2500,3,1.0442
35.125,3,3,2,130000,2500,3,1.0442
35.125,2,3,2,100000,1600,3,1.0442
35.125,3,3,2,170000,1900,3,1.0442
35.125,3,3,2,160000,1700,3,1.0442
35.125,3,3,2,150000,1500,3,1.0442
35.125,2,3,2,190000,2300,3,1.0442
35.125,3,3,2,180000,2100,3,1.0442
35.125,3,3,2,110000,1400,3,1.0442
35.125,3,3,2,190000,2500,3,1.0442
35.125,3,3,2,160000,1700,3,1.0442
35.125,3,3,2,110000,1100,3,1.0442
35.125,2,3,2,110000,1700,3,1.0442
35.125,3,3,2,120000,1900,3,1.0442
35.125,3,3,2,140000,1400,3,1.0442
35.125,2,3,2,170000,1700,3,1.0442
35.125,3,3,2,140000,1100,3,1.0442
35.125,2,3,2,150000,1600,3,1.0442
35.125,3,3,2,190000,2000,3,1.0442
35.125,3,3,2,190000,2000,3,1.0442
7.6773,3,3,2,210000,2200,3,1.0442
10.5737,3,4,2,140000,910,1,1.0442
7.0491,3,5,3,230000,2600,3,1.0442
10.5737,3,4,2,170000,1800,3,1.0442
10.5737,1,4,2,140000,1400,3,1.0442
10.5737,1,4,2,150000,1600,3,1.0442
10.5737,3,4,2,200000,1400,3,1.0442
10.5737,1,4,2,130000,1200,1,1.0442
7.6773,4,4,2,160000,1700,3,1.0442
6.1583,1,1,2,140000,1700,3,1.0442
6.1583,3,1,2,130000,1500,1,1.0442
6.1583,3,1,2,180000,1900,3,1.0442
6.1583,1,1,2,280000,1600,1,1.0442
6.1583,1,1,2,180000,1900,3,1.0442
6.1583,3,1,2,150000,1600,3,1.0442
6.1583,3,1,2,190000,1900,3,1.0442
35.125,2,3,2,140000,1100,1,1.0442
35.125,3,3,2,140000,1700,3,1.0442
7.6773,1,2,2,170000,1900,3,1.0442
7.6773,2,2,2,250000,2400,3,1.0442
7.6773,3,2,2,160000,1500,3,1.0442
7.6773,1,2,2,160000,1800,3,1.0442
7.6773,1,2,2,150000,1600,1,1.0442
7.6773,1,2,2,130000,1200,1,1.0442
7.6773,1,2,2,170000,1800,3,1.0442
35.125,3,3,2,170000,1800,3,1.0442
10.5737,3,4,2,220000,2200,3,1.0442
6.1583,1,1,2,150000,1600,3,1.0442
6.1583,3,1,2,150000,1600,3,1.0442
6.1583,1,1,2,160000,1700,3,1.0442
6.1583,1,1,2,150000,1600,3,1.0442
6.1583,3,1,2,140000,1400,3,1.0442
6.1583,1,1,2,160000,1700,3,1.0442
6.1583,1,1,2,140000,1400,3,1.0442
6.1583,1,1,2,160000,1900,3,1.0442
6.1583,1,1,2,110000,1600,3,1.0442
6.1583,1,1,2,140000,1300,3,1.0442
35.125,3,3,2,170000,1900,3,1.0442
7.6773,3,2,2,250000,1600,3,1.0442
10.5737,2,4,2,160000,1800,1,1.0442
6.1583,1,1,2,280000,1900,3,1.0442
6.1583,3,1,2,110000,1700,3,1.0442
6.1583,2,1,2,100000,1600,3,1.0442
6.1583,1,1,2,85000,1300,3,1.0442
6.1583,1,1,2,190000,1300,1,1.0442
35.125,3,3,2,170000,1900,3,1.0442
35.125,3,3,2,87000,2100,3,1.0442
7.6773,3,2,2,150000,1700,3,1.0442
7.6773,2,2,2,140000,1600,3,1.0442
86.6571,3,3,1,53000,980,3,0.9732
86.6571,2,3,1,99000,1200,3,0.9732
25.4316,1,4,1,150000,900,3,0.9732
25.4316,1,4,1,63000,590,1,0.9732
25.4316,1,4,1,92000,1100,3,0.9732
25.4316,1,4,1,78000,1100,3,0.9732
25.4316,1,4,1,92000,1100,3,0.9732
16.2333,1,1,1,120000,630,1,0.9732
16.2333,1,1,1,73000,750,1,0.9732
86.6571,2,3,1,83000,920,3,0.9732
18.4727,1,2,1,65000,1100,1,0.9732
18.4727,1,2,1,90000,1100,3,0.9732
18.4727,1,2,1,95000,960,1,0.9732
18.4727,1,2,1,90000,1100,3,0.9732
18.4727,1,2,1,100000,1300,3,0.9732
18.4727,1,2,1,83000,920,1,0.9732
18.4727,1,2,1,99000,1200,3,0.9732
18.4727,3,2,1,89000,1200,3,0.9732
18.4727,1,2,1,99000,1200,3,0.9732
86.6571,3,3,1,99000,1200,3,0.9732
86.6571,3,3,1,85000,960,1,0.9732
86.6571,1,3,1,63000,1200,3,0.9732
18.4727,1,2,1,78000,840,1,0.9732
18.4727,1,2,1,56000,920,3,0.9732
18.4727,1,2,1,81000,740,1,0.9732
18.4727,1,2,1,120000,1200,3,0.9732
18.4727,3,2,1,100000,1300,3,0.9732
18.4727,3,2,1,120000,1300,3,0.9732
18.4727,1,2,1,100000,1100,1,0.9732
25.4316,2,4,1,92000,1100,3,0.9732
86.6571,3,3,1,99000,1200,3,0.9732
18.4727,1,2,1,90000,1100,3,0.9732
18.4727,1,2,1,79000,1100,1,0.9732
18.4727,1,2,1,85000,960,1,0.9732
86.6571,1,3,1,53000,900,1,0.9732
16.2333,1,1,1,55000,980,1,0.9732
16.2333,1,1,1,150000,1100,3,0.9732
86.6571,3,3,1,99000,1200,3,0.9732
86.6571,3,3,1,78000,840,1,0.9732
86.6571,3,3,1,86000,980,3,0.9732
86.6571,3,3,1,59000,1100,3,0.9732
86.6571,3,3,1,100000,1200,3,0.9732
25.4316,1,4,1,79000,860,1,0.9732
16.2333,1,1,1,150000,750,1,0.9732
18.4727,1,2,1,84000,960,1,0.9732
18.4727,3,2,1,99000,1200,3,0.9732
18.4727,3,2,1,120000,1200,3,0.9732
16.2333,1,1,1,94000,1100,3,0.9732
16.2333,1,1,1,85000,960,1,0.9732
16.2333,2,1,1,93000,960,1,0.9732
18.4727,1,2,1,85000,960,1,0.9732
16.2333,1,1,1,85000,950,1,0.9732
16.2333,1,1,1,90000,1100,1,0.9732
16.2333,1,1,1,90000,1100,1,0.9732
86.6571,1,3,1,130000,1300,3,0.9732
18.4727,1,2,1,88000,1300,3,0.9732
12.7158,3,4,2,140000,1500,3,1.0465
12.7158,2,4,2,210000,2100,3,1.0465
12.7158,2,4,2,220000,1800,3,1.0465
12.7158,3,4,2,96000,1300,3,1.0465
12.7158,3,4,2,170000,1900,3,1.0465
12.7158,2,4,2,130000,1600,3,1.0465
12.7158,3,4,2,120000,1300,1,1.0465
12.7158,1,4,2,150000,1500,3,1.0465
12.7158,3,4,2,180000,1700,3,1.0465
12.7158,1,4,2,180000,1700,3,1.0465
12.7158,2,4,2,300000,1500,3,1.0465
8.4772,3,5,3,290000,3100,3,1.0465
12.7158,1,4,2,210000,1600,3,1.0465
12.7158,3,4,2,190000,1700,1,1.0465
12.7158,3,4,2,170000,1700,3,1.0465
43.3286,3,3,2,140000,2500,3,1.0465
9.2364,3,3,2,130000,1700,3,1.0465
43.3286,3,3,2,150000,1600,3,1.0465
12.7158,1,4,2,150000,910,3,1.0465
12.7158,1,4,2,300000,1600,3,1.0465
12.7158,1,4,2,120000,910,3,1.0465
12.7158,1,4,2,300000,1600,3,1.0465
12.7158,1,4,2,300000,1500,3,1.0465
12.7158,1,4,2,150000,1600,3,1.0465
12.7158,2,4,2,140000,1200,3,1.0465
12.7158,1,4,2,96000,1800,3,1.0465
12.7158,1,4,2,170000,1800,1,1.0465
12.7158,1,4,2,200000,1200,3,1.0465
8.4772,1,5,3,260000,2000,3,1.0465
12.7158,1,4,2,180000,2000,3,1.0465
12.7158,1,4,2,180000,2200,3,1.0465
12.7158,3,4,2,180000,1500,3,1.0465
12.7158,1,4,2,180000,2100,3,1.0465
9.2364,1,3,2,150000,2000,3,1.0465
43.3286,1,3,2,170000,1900,3,1.0465
43.3286,3,3,2,110000,1100,1,1.0465
43.3286,3,3,2,240000,2400,3,1.0465
43.3286,2,3,2,130000,1100,1,1.0465
43.3286,3,3,2,87000,1100,3,1.0465
43.3286,3,3,2,170000,2100,3,1.0465
43.3286,3,3,2,140000,1600,3,1.0465
43.3286,3,3,2,120000,1700,1,1.0465
43.3286,1,3,2,120000,1100,1,1.0465
43.3286,3,3,2,160000,1700,1,1.0465
43.3286,1,3,2,180000,2100,3,1.0465
43.3286,2,3,2,160000,1700,3,1.0465
43.3286,2,3,2,120000,1800,3,1.0465
12.7158,1,4,2,150000,1600,3,1.0465
9.2364,3,2,2,160000,1800,3,1.0465
9.2364,1,2,2,250000,1600,1,1.0465
9.2364,1,2,2,130000,1200,3,1.0465
6.1576,1,5,3,230000,3100,3,1.0465
9.2364,2,2,2,130000,1200,3,1.0465
9.2364,1,2,2,160000,1800,3,1.0465
9.2364,1,2,2,160000,1700,3,1.0465
9.2364,1,2,2,100000,1700,3,1.0465
9.2364,1,2,2,130000,1500,3,1.0465
9.2364,1,2,2,150000,1600,3,1.0465
9.2364,3,2,2,150000,2000,3,1.0465
43.3286,3,3,2,160000,1700,3,1.0465
43.3286,3,3,2,140000,1900,3,1.0465
9.2364,1,2,2,130000,1800,3,1.0465
9.2364,1,2,2,160000,1700,3,1.0465
9.2364,1,2,2,170000,1900,3,1.0465
9.2364,3,2,2,120000,1300,3,1.0465
9.2364,1,2,2,150000,1600,3,1.0465
9.2364,1,2,2,180000,2100,3,1.0465
9.2364,1,2,2,160000,1700,3,1.0465
9.2364,1,2,2,150000,1600,1,1.0465
43.3286,2,3,2,110000,1500,3,1.0465
43.3286,3,3,2,170000,2000,3,1.0465
9.2364,3,2,2,110000,2000,3,1.0465
9.2364,3,2,2,150000,1800,3,1.0465
9.2364,3,2,2,160000,1700,3,1.0465
9.2364,3,2,2,160000,1800,3,1.0465
9.2364,3,2,2,110000,1600,3,1.0465
12.7158,3,4,2,140000,1400,1,1.0465
9.2364,2,2,2,150000,1600,3,1.0465
9.2364,3,2,2,160000,1700,3,1.0465
9.2364,2,2,2,190000,2400,3,1.0465
12.7158,1,4,2,140000,1300,1,1.0465
12.7158,1,4,2,170000,1600,3,1.0465
12.7158,1,4,2,130000,1100,3,1.0465
9.2364,2,4,2,130000,1100,3,1.0465
12.7158,1,4,2,150000,1500,3,1.0465
12.7158,2,4,2,160000,1700,3,1.0465
12.7158,2,4,2,150000,1600,3,1.0465
12.7158,2,4,2,96000,2100,3,1.0465
8.1167,1,1,2,170000,1200,1,1.0465
43.3286,3,3,2,170000,1800,3,1.0465
43.3286,3,3,2,120000,1600,3,1.0465
43.3286,3,3,2,180000,2000,3,1.0465
43.3286,3,3,2,200000,2500,3,1.0465
9.2364,1,2,2,120000,1600,3,1.0465
43.3286,2,3,2,170000,2000,3,1.0465
12.7158,3,3,2,180000,2000,3,1.0465
43.3286,2,3,2,140000,1600,3,1.0465
12.7158,2,4,2,150000,1600,3,1.0465
12.7158,4,4,2,160000,1900,3,1.0465
12.7158,2,4,2,150000,1500,3,1.0465
12.7158,1,4,2,150000,1500,3,1.0465
8.4772,2,5,3,180000,2600,3,1.0465
12.7158,2,4,2,170000,1900,1,1.0465
8.4772,2,5,3,280000,1800,3,1.0465
12.7158,2,4,2,140000,1300,3,1.0465
8.1167,1,1,2,85000,1100,1,1.0465
8.1167,1,1,2,100000,1700,3,1.0465
8.1167,2,1,2,120000,1900,3,1.0465
8.1167,1,1,2,150000,1500,3,1.0465
8.1167,1,1,2,160000,1500,1,1.0465
8.1167,3,1,2,160000,1700,3,1.0465
8.1167,1,1,2,130000,1100,1,1.0465
43.3286,2,3,2,100000,1600,3,1.0465
43.3286,3,3,2,130000,1100,1,1.0465
43.3286,3,3,2,160000,1600,3,1.0465
43.3286,3,3,2,200000,2500,3,1.0465
43.3286,3,3,2,150000,1600,3,1.0465
43.3286,3,3,2,150000,1600,3,1.0465
43.3286,3,3,2,240000,2500,3,1.0465
43.3286,3,3,2,240000,2500,3,1.0465
43.3286,3,3,2,87000,1600,3,1.0465
43.3286,3,3,2,180000,2000,3,1.0465
43.3286,3,3,2,140000,1900,3,1.0465
43.3286,2,3,2,99000,1600,3,1.0465
43.3286,3,3,2,150000,1600,3,1.0465
43.3286,3,3,2,120000,1600,3,1.0465
43.3286,3,3,2,150000,1800,3,1.0465
43.3286,3,3,2,120000,1500,3,1.0465
43.3286,2,3,2,100000,1600,3,1.0465
43.3286,3,3,2,200000,2500,3,1.0465
43.3286,3,3,2,170000,1900,3,1.0465
43.3286,3,3,2,87000,1100,1,1.0465
43.3286,3,3,2,200000,2500,3,1.0465
43.3286,3,3,2,210000,2500,3,1.0465
43.3286,3,3,2,150000,1600,3,1.0465
43.3286,2,3,2,120000,1900,3,1.0465
12.7158,2,4,2,240000,1900,3,1.0465
8.4772,3,5,3,220000,2600,3,1.0465
12.7158,3,4,2,130000,1200,3,1.0465
12.7158,1,4,2,240000,1400,1,1.0465
12.7158,1,4,2,180000,1800,3,1.0465
12.7158,3,4,2,160000,1600,3,1.0465
12.7158,1,4,2,150000,1600,3,1.0465
12.7158,3,4,2,160000,1800,1,1.0465
8.1167,3,1,2,120000,1500,3,1.0465
8.1167,1,1,2,280000,1500,1,1.0465
8.1167,3,1,2,94000,990,3,1.0465
8.1167,3,1,2,85000,1100,3,1.0465
8.1167,1,1,2,130000,1200,1,1.0465
8.1167,1,1,2,280000,1600,1,1.0465
8.1167,3,1,2,85000,1200,1,1.0465
43.3286,2,3,2,200000,2500,3,1.0465
12.7158,2,4,2,170000,2000,1,1.0465
9.2364,1,2,2,140000,1300,3,1.0465
9.2364,1,2,2,130000,1100,3,1.0465
9.2364,3,2,2,160000,1800,3,1.0465
43.3286,3,3,2,87000,1900,3,1.0465
9.2364,1,2,2,110000,1500,3,1.0465
9.2364,1,2,2,110000,1100,3,1.0465
8.1167,1,1,2,130000,1200,3,1.0465
8.1167,1,1,2,160000,1700,3,1.0465
8.1167,1,1,2,160000,1700,1,1.0465
8.1167,1,1,2,280000,1700,1,1.0465
8.1167,1,1,2,150000,1500,3,1.0465
8.1167,2,1,2,99000,1200,3,1.0465
8.1167,3,1,2,100000,1200,3,1.0465
43.3286,3,3,2,100000,1700,3,1.0465
9.2364,1,2,2,170000,1500,3,1.0465
9.2364,1,2,2,170000,1900,3,1.0465
22.3474,2,4,1,95000,1200,3,1.0389
22.3474,2,4,1,72000,590,1,1.0389
22.3474,1,4,1,65000,780,1,1.0389
22.3474,1,4,1,84000,1100,3,1.0389
22.3474,1,4,1,81000,1100,3,1.0389
16.1545,1,4,1,75000,920,3,1.0389
76.2786,1,3,1,78000,830,1,1.0389
76.2786,1,3,1,63000,1200,3,1.0389
16.1545,1,2,1,84000,1100,1,1.0389
16.1545,1,2,1,84000,1100,3,1.0389
16.1545,1,2,1,83000,1100,3,1.0389
16.1545,1,2,1,100000,1200,3,1.0389
16.1545,3,2,1,91000,740,1,1.0389
22.3474,1,2,1,66000,800,1,1.0389
16.1545,3,2,1,120000,1300,1,1.0389
16.1545,1,2,1,66000,800,1,1.0389
16.1545,1,2,1,66000,800,1,1.0389
76.2786,2,3,1,92000,1300,3,1.0389
16.1545,1,2,1,85000,960,3,1.0389
16.1545,1,2,1,95000,1200,3,1.0389
16.1545,1,2,1,73000,900,1,1.0389
16.1545,1,2,1,65000,740,1,1.0389
16.1545,1,2,1,89000,1200,3,1.0389
16.1545,2,2,1,75000,900,1,1.0389
22.3474,1,2,1,56000,1300,3,1.0389
16.1545,1,2,1,70000,1100,3,1.0389
16.1545,1,2,1,84000,1100,3,1.0389
76.2786,3,3,1,71000,1300,3,1.0389
16.1545,3,2,1,66000,800,1,1.0389
16.1545,2,2,1,79000,990,1,1.0389
22.3474,2,4,1,57000,590,1,1.0389
76.2786,3,3,1,53000,660,1,1.0389
16.1545,1,2,1,84000,1100,1,1.0389
16.1545,1,2,1,72000,1100,3,1.0389
16.1545,1,2,1,99000,1300,3,1.0389
76.2786,3,3,1,88000,1200,3,1.0389
11.95,1,1,1,75000,920,1,1.0389
11.95,1,1,1,120000,1200,1,1.0389
11.95,1,1,1,99000,1200,1,1.0389
11.95,3,1,1,73000,920,1,1.0389
11.95,1,1,1,70000,1200,3,1.0389
11.95,1,1,1,67000,1100,3,1.0389
76.2786,3,3,1,90000,1200,3,1.0389
76.2786,3,3,1,75000,920,3,1.0389
76.2786,3,3,1,95000,1200,3,1.0389
76.2786,2,3,1,53000,840,1,1.0389
22.3474,3,4,1,65000,780,1,1.0389
11.95,3,1,1,78000,870,1,1.0389
11.95,1,1,1,84000,950,1,1.0389
16.1545,3,2,1,65000,740,1,1.0389
16.1545,1,2,1,73000,900,1,1.0389
16.1545,1,2,1,95000,1200,3,1.0389
16.1545,1,2,1,77000,960,3,1.0389
76.2786,3,3,1,95000,1200,3,1.0389
76.2786,2,3,1,90000,1100,3,1.0389
16.1545,1,2,1,99000,1300,3,1.0389
16.1545,1,2,1,120000,1300,3,1.0389
38.1393,1,3,2,100000,1600,3,1.0248
38.1393,3,3,2,160000,2000,3,1.0248
11.1737,1,4,2,140000,1500,1,1.0248
7.4491,2,5,3,300000,2600,3,1.0248
11.1737,3,4,2,190000,1600,1,1.0248
11.1737,2,4,2,130000,1300,3,1.0248
11.1737,3,4,2,150000,1500,3,1.0248
11.1737,3,4,2,120000,1600,3,1.0248
11.1737,1,4,2,170000,1100,3,1.0248
11.1737,2,4,2,240000,2200,3,1.0248
11.1737,4,4,2,220000,2200,3,1.0248
11.1737,2,4,2,140000,1200,1,1.0248
11.1737,3,4,2,160000,2100,3,1.0248
11.1737,1,4,2,130000,1200,3,1.0248
11.1737,1,4,2,160000,1700,3,1.0248
11.1737,1,4,2,130000,1200,3,1.0248
38.1393,3,4,2,150000,2200,3,1.0248
11.1737,2,4,2,200000,1700,3,1.0248
11.1737,1,4,2,140000,1400,3,1.0248
11.1737,1,4,2,150000,1600,3,1.0248
11.1737,3,4,2,200000,1200,3,1.0248
11.1737,1,4,2,150000,1600,3,1.0248
11.1737,1,4,2,190000,1500,3,1.0248
11.1737,1,4,2,150000,1500,3,1.0248
11.1737,2,4,2,140000,1600,3,1.0248
11.1737,1,4,2,150000,1600,3,1.0248
11.1737,2,4,2,160000,1700,3,1.0248
11.1737,1,4,2,300000,1600,3,1.0248
11.1737,2,4,2,150000,1600,3,1.0248
11.1737,1,4,2,150000,1200,3,1.0248
11.1737,1,4,2,160000,1700,3,1.0248
11.1737,1,4,2,150000,1600,3,1.0248
11.1737,2,4,2,140000,1600,3,1.0248
11.1737,1,4,2,130000,1200,1,1.0248
11.1737,2,4,2,300000,2200,3,1.0248
38.1393,1,3,2,200000,2200,3,1.0248
38.1393,3,3,2,100000,1500,3,1.0248
38.1393,3,3,2,120000,1500,3,1.0248
25.4262,3,5,3,260000,2900,3,1.0248
38.1393,3,3,2,170000,1800,3,1.0248
38.1393,1,3,2,160000,1500,3,1.0248
38.1393,1,3,2,140000,1100,1,1.0248
38.1393,2,3,2,200000,2200,3,1.0248
11.1737,1,4,2,170000,1800,3,1.0248
11.1737,2,4,2,300000,1900,3,1.0248
11.1737,1,4,2,96000,1700,3,1.0248
8.0773,2,2,2,200000,2400,3,1.0248
8.0773,3,2,2,130000,1600,3,1.0248
8.0773,1,2,2,130000,1200,3,1.0248
8.0773,1,2,2,140000,1300,3,1.0248
8.0773,1,2,2,130000,1600,3,1.0248
8.0773,1,2,2,140000,2000,3,1.0248
8.0773,1,2,2,89000,1400,3,1.0248
8.0773,3,2,2,150000,2100,3,1.0248
8.0773,1,2,2,180000,2000,3,1.0248
8.0773,3,2,2,180000,1900,3,1.0248
38.1393,3,2,2,190000,2000,3,1.0248
38.1393,2,3,2,160000,1700,3,1.0248
38.1393,3,3,2,180000,2000,3,1.0248
38.1393,3,3,2,200000,2200,3,1.0248
38.1393,3,3,2,200000,2200,3,1.0248
8.0773,1,2,2,180000,1900,3,1.0248
8.0773,1,2,2,150000,1500,3,1.0248
8.0773,1,2,2,110000,1500,3,1.0248
8.0773,1,2,2,150000,1500,3,1.0248
8.0773,1,2,2,200000,2400,3,1.0248
8.0773,1,2,2,110000,1600,3,1.0248
8.0773,1,2,2,120000,1500,3,1.0248
8.0773,1,2,2,110000,1100,3,1.0248
8.0773,1,2,2,160000,1700,1,1.0248
8.0773,1,2,2,110000,1200,3,1.0248
8.0773,1,2,2,89000,1200,3,1.0248
38.1393,3,3,2,160000,2300,3,1.0248
38.1393,3,3,2,180000,2000,3,1.0248
38.1393,3,3,2,160000,1700,3,1.0248
8.0773,3,2,2,170000,2100,3,1.0248
8.0773,3,2,2,190000,2000,3,1.0248
8.0773,2,2,2,180000,2200,3,1.0248
8.0773,1,2,2,130000,1500,3,1.0248
11.1737,3,4,2,300000,2200,3,1.0248
8.0773,2,2,2,180000,2000,3,1.0248
8.0773,2,2,2,180000,1900,3,1.0248
11.1737,1,4,2,130000,1200,1,1.0248
11.1737,1,4,2,150000,1600,3,1.0248
5.975,1,1,2,130000,1300,3,1.0248
5.975,1,1,2,140000,1300,3,1.0248
38.1393,3,3,2,150000,1500,3,1.0248
38.1393,3,3,2,200000,1500,3,1.0248
38.1393,2,3,2,150000,1600,3,1.0248
8.0773,1,2,2,150000,1500,1,1.0248
38.1393,3,3,2,160000,2000,3,1.0248
38.1393,3,3,2,130000,1700,3,1.0248
11.1737,2,4,2,130000,1900,3,1.0248
7.4491,2,5,3,220000,2600,3,1.0248
5.975,3,1,2,92000,1300,3,1.0248
5.975,3,1,2,170000,1900,3,1.0248
5.975,1,1,2,100000,990,1,1.0248
5.975,3,1,2,85000,1300,3,1.0248
5.975,2,1,2,85000,1900,3,1.0248
5.975,1,1,2,150000,1500,3,1.0248
5.975,1,1,2,140000,1300,3,1.0248
5.975,1,1,2,140000,1300,3,1.0248
5.975,1,1,2,170000,1700,3,1.0248
5.975,2,1,2,140000,1600,3,1.0248
38.1393,3,3,2,160000,1900,3,1.0248
38.1393,3,3,2,150000,1600,3,1.0248
38.1393,3,3,2,220000,2500,3,1.0248
38.1393,2,3,2,190000,1300,3,1.0248
38.1393,2,3,2,200000,2300,3,1.0248
38.1393,2,3,2,160000,2100,3,1.0248
38.1393,3,3,2,240000,2300,3,1.0248
38.1393,3,3,2,240000,2500,3,1.0248
38.1393,3,3,2,180000,1900,3,1.0248
38.1393,3,3,2,170000,1900,3,1.0248
38.1393,3,3,2,240000,2200,3,1.0248
38.1393,3,3,2,190000,2000,3,1.0248
38.1393,3,3,2,130000,2100,3,1.0248
38.1393,2,3,2,130000,2100,3,1.0248
38.1393,2,3,2,160000,1900,3,1.0248
38.1393,2,3,2,150000,1600,3,1.0248
38.1393,2,3,2,200000,2100,3,1.0248
11.1737,3,4,2,160000,1600,3,1.0248
11.1737,1,4,2,240000,1200,1,1.0248
11.1737,1,4,2,200000,2200,3,1.0248
11.1737,1,4,2,120000,1100,1,1.0248
11.1737,2,4,2,240000,1600,3,1.0248
5.975,1,1,2,150000,1400,3,1.0248
5.975,3,1,2,160000,1700,3,1.0248
5.975,1,1,2,280000,1200,1,1.0248
5.975,1,1,2,280000,1300,1,1.0248
5.975,1,1,2,140000,1400,3,1.0248
5.975,3,1,2,150000,1700,3,1.0248
5.975,3,1,2,150000,1900,3,1.0248
38.1393,1,3,2,240000,1600,3,1.0248
11.1737,3,4,2,120000,1800,3,1.0248
38.1393,3,3,2,160000,1700,3,1.0248
8.0773,2,2,2,150000,1700,3,1.0248
11.1737,2,4,2,200000,2200,3,1.0248
11.1737,3,4,2,170000,1600,3,1.0248
5.975,1,1,2,95000,1300,3,1.0248
5.975,3,1,2,200000,1900,1,1.0248
5.975,3,1,2,180000,1700,3,1.0248
5.975,1,1,2,180000,1900,3,1.0248
5.975,1,1,2,180000,1900,3,1.0248
5.975,1,1,2,140000,1600,3,1.0248
5.975,1,1,2,180000,1600,3,1.0248
5.975,1,1,2,160000,1600,3,1.0248
8.0773,1,2,2,89000,1500,3,1.0248
8.0773,1,2,2,180000,2000,3,1.0248
8.0773,3,2,2,120000,2000,3,1.0248
11.1737,2,4,2,170000,1600,3,1.0248
7.4491,3,5,3,160000,1900,3,1.0248
11.1737,2,4,2,190000,1800,3,1.0248
5.975,3,1,2,180000,1900,3,1.0248
5.975,3,1,2,110000,1600,3,1.0248
5.975,3,1,2,100000,1300,3,1.0248
5.975,1,1,2,280000,1900,3,1.0248
5.975,3,1,2,85000,1100,3,1.0248
5.975,3,1,2,150000,1900,3,1.0248
5.975,1,1,2,160000,1200,3,1.0248
5.975,3,1,2,85000,1300,3,1.0248
5.975,1,1,2,280000,1900,3,1.0248
5.975,3,1,2,98000,1400,3,1.0248
38.1393,2,3,2,210000,2300,3,1.0248
8.0773,1,2,2,180000,2000,3,1.0248
8.0773,3,2,2,130000,1500,1,1.0248
8.0773,3,2,2,120000,1500,1,1.0248
8.0773,1,2,2,180000,1500,1,1.0248
23.3053,1,4,1,92000,1200,3,0.9168
71.3286,3,3,1,90000,1200,3,0.9168
71.3286,3,3,1,81000,1200,3,0.9168
23.3053,1,4,1,70000,780,1,0.9168
71.3286,1,4,1,87000,1200,3,0.9168
23.3053,1,4,1,92000,1200,3,0.9168
71.3286,2,3,1,81000,1000,3,0.9168
23.3053,1,4,1,120000,1200,3,0.9168
16.3727,1,2,1,84000,1100,3,0.9168
16.3727,1,2,1,77000,920,3,0.9168
16.3727,1,2,1,85000,960,1,0.9168
16.3727,1,2,1,87000,1100,3,0.9168
16.3727,1,2,1,80000,980,1,0.9168
16.3727,1,2,1,84000,1100,1,0.9168
16.3727,1,2,1,85000,1100,1,0.9168
16.3727,1,2,1,90000,1100,3,0.9168
16.3727,1,2,1,89000,1200,3,0.9168
16.3727,1,2,1,92000,1200,3,0.9168
16.3727,1,2,1,87000,1100,3,0.9168
16.3727,1,2,1,84000,1100,3,0.9168
71.3286,2,3,1,88000,1300,3,0.9168
71.3286,3,3,1,130000,1200,3,0.9168
71.3286,3,3,1,89000,1200,3,0.9168
16.3727,3,2,1,64000,1200,3,0.9168
16.3727,1,2,1,79000,960,1,0.9168
16.3727,3,2,1,72000,1100,3,0.9168
16.3727,1,2,1,73000,920,3,0.9168
16.3727,1,2,1,95000,1300,3,0.9168
16.3727,1,2,1,87000,1100,3,0.9168
16.3727,1,2,1,64000,740,1,0.9168
16.3727,1,2,1,70000,740,1,0.9168
16.3727,1,2,1,69000,740,1,0.9168
16.3727,1,2,1,77000,1100,3,0.9168
16.3727,1,2,1,89000,1200,3,0.9168
16.3727,1,2,1,90000,1100,3,0.9168
12.7667,1,1,1,95000,1200,3,0.9168
71.3286,3,3,1,92000,1200,3,0.9168
23.3053,3,3,1,89000,1200,3,0.9168
12.7667,1,1,1,100000,1200,3,0.9168
12.7667,1,1,1,80000,1100,3,0.9168
12.7667,3,1,1,83000,780,1,0.9168
71.3286,3,3,1,81000,1000,3,0.9168
71.3286,1,3,1,76000,900,1,0.9168
71.3286,2,3,1,92000,1200,3,0.9168
71.3286,3,3,1,89000,1200,3,0.9168
71.3286,2,3,1,85000,1200,3,0.9168
71.3286,2,3,1,79000,960,1,0.9168
71.3286,3,3,1,91000,1200,3,0.9168
71.3286,3,3,1,95000,1300,3,0.9168
71.3286,3,3,1,69000,1100,3,0.9168
12.7667,2,3,1,65000,660,1,0.9168
12.7667,1,1,1,70000,780,1,0.9168
71.3286,2,3,1,97000,920,3,0.9168
16.3727,1,2,1,76000,900,1,0.9168
16.3727,1,2,1,120000,1200,3,0.9168
16.3727,1,2,1,67000,1100,3,0.9168
71.3286,3,3,1,92000,1200,3,0.9168
23.3053,2,4,1,92000,1200,3,0.9168
12.7667,1,1,1,75000,950,1,0.9168
12.7667,1,1,1,79000,950,1,0.9168
12.7667,1,1,1,84000,1100,3,0.9168
16.3727,1,2,1,84000,1100,3,0.9168
12.7667,3,1,1,55000,780,1,0.9168
16.3727,1,2,1,84000,1100,3,0.9168
23.7762,3,5,3,160000,1900,3,1.085
35.6643,3,3,2,170000,2000,3,1.085
11.6526,3,4,2,210000,2100,3,1.085
11.6526,3,4,2,150000,1600,3,1.085
11.6526,3,4,2,130000,1100,3,1.085
11.6526,3,4,2,140000,1300,3,1.085
11.6526,3,4,2,140000,1300,1,1.085
11.6526,3,4,2,160000,1600,3,1.085
11.6526,1,4,2,130000,1200,1,1.085
11.6526,1,4,2,190000,1200,1,1.085
11.6526,1,4,2,180000,910,1,1.085
11.6526,1,4,2,170000,1200,3,1.085
11.6526,1,4,2,150000,1600,3,1.085
35.6643,4,3,2,180000,2100,3,1.085
11.6526,1,4,2,150000,1400,3,1.085
11.6526,2,4,2,210000,1100,3,1.085
11.6526,1,4,2,170000,2000,3,1.085
11.6526,1,4,2,150000,1500,3,1.085
11.6526,1,4,2,180000,2100,3,1.085
11.6526,1,4,2,140000,1300,3,1.085
11.6526,1,4,2,110000,1300,1,1.085
11.6526,1,4,2,250000,1300,3,1.085
11.6526,1,4,2,130000,1200,1,1.085
11.6526,1,4,2,120000,1100,1,1.085
11.6526,1,4,2,150000,1500,1,1.085
6.3833,1,1,2,210000,1700,3,1.085
35.6643,3,3,2,170000,2000,3,1.085
35.6643,3,3,2,240000,2500,3,1.085
35.6643,3,3,2,160000,1800,3,1.085
35.6643,3,3,2,190000,2500,3,1.085
35.6643,3,3,2,150000,1600,3,1.085
8.1864,1,2,2,160000,1700,3,1.085
8.1864,1,2,2,140000,1500,3,1.085
8.1864,3,2,2,170000,1900,3,1.085
8.1864,1,2,2,150000,1600,3,1.085
8.1864,1,2,2,150000,1600,3,1.085
8.1864,1,2,2,150000,1600,3,1.085
8.1864,3,2,2,150000,1500,3,1.085
8.1864,1,2,2,120000,1500,3,1.085
8.1864,1,2,2,170000,1900,3,1.085
8.1864,1,2,2,140000,1600,3,1.085
8.1864,3,2,2,150000,1700,1,1.085
8.1864,3,2,2,140000,1300,3,1.085
8.1864,3,2,2,140000,1700,3,1.085
8.1864,3,2,2,150000,2400,3,1.085
35.6643,3,3,2,210000,2200,3,1.085
35.6643,2,3,2,150000,1800,3,1.085
35.6643,3,3,2,87000,1600,3,1.085
35.6643,3,3,2,110000,1700,3,1.085
35.6643,3,3,2,130000,1900,3,1.085
8.1864,3,2,2,150000,1600,3,1.085
8.1864,1,2,2,250000,1600,3,1.085
8.1864,1,2,2,120000,1600,3,1.085
8.1864,1,2,2,120000,1600,3,1.085
8.1864,1,2,2,150000,1500,1,1.085
8.1864,1,2,2,150000,1600,3,1.085
8.1864,1,2,2,140000,1400,1,1.085
8.1864,1,2,2,140000,1700,1,1.085
8.1864,1,2,2,150000,1500,3,1.085
8.1864,1,2,2,150000,1600,3,1.085
8.1864,1,2,2,250000,1600,3,1.085
8.1864,1,2,2,160000,1700,1,1.085
8.1864,1,2,2,130000,1400,1,1.085
8.1864,3,2,2,250000,1900,3,1.085
8.1864,3,2,2,100000,1700,3,1.085
8.1864,3,2,2,250000,2100,3,1.085
11.6526,2,4,2,150000,1600,3,1.085
8.1864,3,2,2,180000,2200,3,1.085
8.1864,1,2,2,120000,1500,3,1.085
8.1864,3,2,2,180000,2400,3,1.085
8.1864,2,2,2,250000,2200,3,1.085
11.6526,1,4,2,140000,1400,3,1.085
11.6526,2,4,2,96000,1100,1,1.085
11.6526,4,4,2,140000,1300,3,1.085
11.6526,1,4,2,140000,1300,1,1.085
7.7684,3,5,3,280000,3100,3,1.085
11.6526,2,4,2,120000,1500,3,1.085
11.6526,2,4,2,160000,1400,3,1.085
6.3833,3,1,2,110000,1600,3,1.085
6.3833,1,1,2,160000,1700,3,1.085
6.3833,1,1,2,150000,1400,3,1.085
6.3833,2,1,2,150000,1600,3,1.085
35.6643,2,3,2,130000,1500,3,1.085
35.6643,3,3,2,240000,2500,3,1.085
35.6643,3,3,2,170000,1600,3,1.085
35.6643,2,3,2,210000,1700,3,1.085
8.1864,1,2,2,160000,1700,3,1.085
35.6643,3,3,2,180000,2100,3,1.085
11.6526,1,4,2,140000,1500,3,1.085
11.6526,2,4,2,130000,1500,3,1.085
11.6526,2,4,2,160000,1600,3,1.085
11.6526,2,4,2,140000,1400,3,1.085
11.6526,2,4,2,96000,1300,3,1.085
6.3833,1,1,2,150000,1500,3,1.085
6.3833,1,1,2,120000,1300,3,1.085
6.3833,3,1,2,140000,1900,3,1.085
6.3833,3,1,2,100000,1300,3,1.085
6.3833,1,1,2,110000,1400,3,1.085
6.3833,1,1,2,150000,1600,3,1.085
35.6643,3,3,2,170000,2500,3,1.085
11.6526,2,3,2,200000,2500,3,1.085
35.6643,3,3,2,180000,2100,3,1.085
35.6643,3,3,2,100000,1500,3,1.085
35.6643,2,3,2,140000,1500,3,1.085
35.6643,2,3,2,150000,2000,3,1.085
35.6643,2,3,2,160000,1700,3,1.085
35.6643,2,3,2,160000,2200,3,1.085
35.6643,3,3,2,240000,2500,3,1.085
35.6643,3,3,2,180000,1900,3,1.085
35.6643,3,3,2,150000,2100,3,1.085
35.6643,2,3,2,170000,2100,3,1.085
35.6643,2,3,2,180000,2500,3,1.085
35.6643,2,3,2,240000,1700,3,1.085
35.6643,3,3,2,240000,2500,3,1.085
35.6643,2,3,2,200000,2500,3,1.085
35.6643,3,3,2,180000,2100,3,1.085
35.6643,2,3,2,180000,2300,3,1.085
35.6643,3,3,2,240000,2500,3,1.085
35.6643,2,3,2,160000,1400,3,1.085
35.6643,3,3,2,190000,2500,3,1.085
11.6526,3,4,2,190000,1800,3,1.085
11.6526,2,4,2,200000,1800,3,1.085
11.6526,3,4,2,170000,2000,3,1.085
11.6526,1,4,2,180000,1500,1,1.085
11.6526,1,4,2,120000,910,1,1.085
11.6526,1,4,2,150000,1600,3,1.085
11.6526,1,4,2,150000,1500,3,1.085
11.6526,2,4,2,190000,1900,3,1.085
11.6526,1,4,2,160000,1800,3,1.085
11.6526,1,4,2,170000,2000,3,1.085
6.3833,1,1,2,130000,1200,3,1.085
6.3833,3,1,2,130000,1300,3,1.085
6.3833,3,1,2,140000,1300,3,1.085
6.3833,1,1,2,130000,1500,3,1.085
6.3833,3,1,2,180000,1600,3,1.085
6.3833,1,1,2,170000,1200,3,1.085
11.6526,3,4,2,150000,1300,3,1.085
8.1864,3,2,2,120000,1700,3,1.085
8.1864,1,2,2,140000,1400,3,1.085
8.1864,1,2,2,160000,1700,3,1.085
8.1864,1,2,2,120000,1400,3,1.085
8.1864,3,2,2,130000,1300,3,1.085
8.1864,1,2,2,170000,1800,3,1.085
6.3833,3,1,2,140000,1300,3,1.085
6.3833,1,1,2,210000,1600,1,1.085
6.3833,1,1,2,140000,1300,3,1.085
6.3833,1,1,2,140000,1400,3,1.085
6.3833,3,1,2,140000,1700,3,1.085
35.6643,2,3,2,150000,1600,3,1.085
35.6643,3,3,2,180000,2200,3,1.085
8.1864,1,2,2,150000,1600,3,1.085
8.1864,1,2,2,120000,1600,3,1.085
11.6526,2,4,2,140000,1500,3,1.085
6.3833,1,1,2,280000,1600,3,1.085
6.3833,1,1,2,280000,1700,1,1.085
6.3833,3,1,2,160000,1700,3,1.085
6.3833,1,1,2,150000,1600,3,1.085
35.6643,3,3,2,150000,1900,3,1.085
6.3833,3,3,2,170000,2100,3,1.085
79.4143,1,3,1,95000,1200,3,0.9574
79.4143,1,3,1,68000,1200,3,0.9574
79.4143,3,3,1,95000,1200,3,0.9574
25.5579,3,4,1,65000,730,1,0.9574
25.5579,2,4,1,95000,700,1,0.9574
18.2182,1,4,1,57000,730,1,0.9574
18.2182,1,4,1,57000,730,1,0.9574
25.5579,1,4,1,73000,900,1,0.9574
79.4143,2,3,1,99000,1300,3,0.9574
79.4143,2,3,1,61000,660,1,0.9574
25.5579,1,4,1,66000,800,3,0.9574
18.2182,1,2,1,84000,1100,3,0.9574
18.2182,1,2,1,99000,1300,3,0.9574
18.2182,1,2,1,95000,1200,3,0.9574
25.5579,1,2,1,95000,1200,3,0.9574
18.2182,1,2,1,85000,1100,3,0.9574
18.2182,1,2,1,99000,1300,3,0.9574
18.2182,1,2,1,84000,1100,3,0.9574
18.2182,1,2,1,94000,1200,3,0.9574
18.2182,1,2,1,70000,1200,3,0.9574
18.2182,1,2,1,88000,1100,3,0.9574
18.2182,1,2,1,88000,1100,1,0.9574
18.2182,1,2,1,95000,1200,3,0.9574
25.5579,1,2,1,87000,1100,3,0.9574
18.2182,1,2,1,95000,1200,3,0.9574
18.2182,1,2,1,85000,1100,3,0.9574
79.4143,3,3,1,95000,1200,3,0.9574
18.2182,3,2,1,99000,1300,3,0.9574
18.2182,2,2,1,95000,1200,3,0.9574
25.5579,2,4,1,73000,900,1,0.9574
16.25,1,1,1,84000,1100,1,0.9574
16.25,1,1,1,110000,1200,3,0.9574
79.4143,3,3,1,95000,1200,3,0.9574
79.4143,3,3,1,69000,840,1,0.9574
79.4143,2,3,1,130000,1200,3,0.9574
16.25,2,1,1,95000,1200,3,0.9574
16.25,1,1,1,95000,1100,1,0.9574
16.25,1,1,1,92000,1200,3,0.9574
79.4143,3,3,1,100000,1300,1,0.9574
79.4143,3,3,1,90000,1200,3,0.9574
79.4143,3,3,1,130000,1200,3,0.9574
79.4143,2,3,1,59000,840,1,0.9574
79.4143,1,3,1,65000,920,3,0.9574
79.4143,3,3,1,95000,1200,3,0.9574
79.4143,3,3,1,94000,1300,3,0.9574
79.4143,3,3,1,130000,1300,1,0.9574
79.4143,2,3,1,53000,920,3,0.9574
18.2182,1,2,1,120000,1200,3,0.9574
18.2182,1,2,1,100000,1300,3,0.9574
16.25,1,1,1,150000,840,1,0.9574
16.25,1,1,1,69000,840,1,0.9574
18.2182,4,2,1,56000,960,1,0.9574
25.5579,2,4,1,57000,700,1,0.9574
25.5579,2,4,1,99000,800,1,0.9574
25.5579,2,4,1,66000,800,3,0.9574
16.25,1,1,1,95000,1200,3,0.9574
18.2182,1,2,1,99000,1300,1,0.9574
18.2182,1,2,1,86000,1300,1,0.9574
16.25,1,1,1,90000,1200,3,0.9574
79.4143,1,3,1,69000,1100,3,0.9574
79.4143,3,3,1,69000,840,1,0.9574
18.2182,1,2,1,95000,1200,3,0.9574
39.7071,2,3,2,160000,1700,3,1.0606
39.7071,3,3,2,180000,2500,3,1.0606
12.7789,2,4,2,160000,1900,3,1.0606
12.7789,2,4,2,96000,1300,3,1.0606
8.5193,2,5,3,230000,2200,3,1.0606
12.7789,3,4,2,130000,1300,3,1.0606
12.7789,2,4,2,160000,1700,3,1.0606
12.7789,1,4,2,190000,1400,3,1.0606
12.7789,1,4,2,140000,1300,3,1.0606
12.7789,1,4,2,210000,2200,3,1.0606
12.7789,3,4,2,190000,1500,3,1.0606
12.7789,1,4,2,140000,1400,1,1.0606
12.7789,1,4,2,190000,2200,3,1.0606
12.7789,1,4,2,160000,1700,3,1.0606
12.7789,3,4,2,130000,2000,3,1.0606
12.7789,1,4,2,180000,1400,1,1.0606
39.7071,3,3,2,87000,1500,3,1.0606
12.7789,1,4,2,96000,910,1,1.0606
12.7789,1,4,2,150000,1600,1,1.0606
12.7789,1,4,2,220000,1500,3,1.0606
12.7789,1,4,2,130000,1200,3,1.0606
12.7789,2,4,2,250000,1600,3,1.0606
8.5193,1,5,3,200000,2200,3,1.0606
12.7789,2,4,2,150000,1500,3,1.0606
12.7789,1,4,2,240000,1400,3,1.0606
12.7789,1,4,2,160000,1700,3,1.0606
12.7789,1,4,2,300000,1500,3,1.0606
12.7789,1,4,2,140000,1400,3,1.0606
12.7789,1,4,2,96000,1200,3,1.0606
12.7789,1,4,2,200000,910,3,1.0606
12.7789,1,4,2,140000,1400,3,1.0606
12.7789,1,4,2,150000,1600,3,1.0606
39.7071,2,3,2,87000,1100,3,1.0606
39.7071,2,3,2,140000,1600,3,1.0606
39.7071,3,3,2,130000,1300,3,1.0606
39.7071,3,3,2,150000,1900,3,1.0606
39.7071,1,3,2,140000,1300,3,1.0606
39.7071,3,3,2,87000,1300,3,1.0606
39.7071,2,3,2,140000,1400,3,1.0606
39.7071,2,3,2,100000,1600,3,1.0606
39.7071,2,3,2,150000,2200,3,1.0606
12.7789,1,4,2,170000,1800,3,1.0606
9.1091,2,2,2,250000,1700,3,1.0606
9.1091,1,2,2,140000,1300,3,1.0606
9.1091,1,2,2,160000,1700,3,1.0606
39.7071,2,3,2,100000,1600,3,1.0606
39.7071,3,3,2,180000,1900,3,1.0606
39.7071,4,3,2,210000,2500,3,1.0606
9.1091,1,2,2,190000,2100,3,1.0606
9.1091,1,2,2,110000,1300,3,1.0606
9.1091,2,2,2,140000,1300,3,1.0606
9.1091,1,2,2,130000,1700,3,1.0606
9.1091,1,2,2,120000,1100,3,1.0606
9.1091,1,2,2,110000,1400,3,1.0606
9.1091,1,2,2,110000,1500,3,1.0606
9.1091,2,2,2,140000,1700,3,1.0606
39.7071,3,3,2,160000,1700,3,1.0606
9.1091,3,2,2,170000,1700,3,1.0606
9.1091,2,2,2,110000,1700,3,1.0606
9.1091,3,2,2,89000,1300,3,1.0606
9.1091,3,2,2,200000,2400,3,1.0606
9.1091,2,2,2,120000,1100,3,1.0606
9.1091,1,2,2,100000,1100,3,1.0606
8.5193,2,5,3,350000,2900,3,1.0606
12.7789,3,4,2,150000,1300,3,1.0606
12.7789,2,4,2,190000,2200,3,1.0606
12.7789,1,4,2,140000,1400,3,1.0606
12.7789,2,4,2,140000,1400,3,1.0606
39.7071,3,3,2,130000,1600,3,1.0606
39.7071,3,3,2,190000,2100,3,1.0606
39.7071,3,3,2,170000,2100,3,1.0606
39.7071,3,3,2,150000,1600,3,1.0606
39.7071,3,3,2,160000,1500,3,1.0606
39.7071,3,3,2,170000,1300,3,1.0606
9.1091,2,2,2,150000,1600,3,1.0606
9.1091,1,2,2,150000,1500,3,1.0606
9.1091,1,2,2,150000,1600,3,1.0606
12.7789,2,4,2,170000,2200,3,1.0606
12.7789,2,4,2,190000,1300,3,1.0606
12.7789,3,4,2,120000,910,1,1.0606
12.7789,2,4,2,150000,1500,3,1.0606
8.125,1,1,2,99000,1600,3,1.0606
8.125,1,1,2,110000,1300,3,1.0606
8.125,1,1,2,150000,1600,3,1.0606
8.125,2,1,2,130000,1400,3,1.0606
8.125,2,1,2,130000,1200,3,1.0606
8.125,1,1,2,85000,990,1,1.0606
8.125,1,1,2,150000,1600,3,1.0606
8.125,2,1,2,130000,1600,3,1.0606
8.125,1,1,2,130000,1600,3,1.0606
39.7071,2,3,2,150000,1600,3,1.0606
39.7071,3,3,2,160000,1700,3,1.0606
39.7071,2,3,2,130000,1600,3,1.0606
39.7071,2,3,2,190000,2200,3,1.0606
39.7071,2,3,2,150000,1700,3,1.0606
39.7071,1,3,2,140000,1600,3,1.0606
39.7071,2,3,2,180000,2000,3,1.0606
39.7071,2,3,2,240000,2500,3,1.0606
39.7071,2,3,2,240000,2300,3,1.0606
39.7071,3,3,2,150000,1600,3,1.0606
39.7071,2,3,2,130000,1100,3,1.0606
39.7071,3,3,2,180000,2000,1,1.0606
39.7071,2,3,2,190000,2000,3,1.0606
9.1091,4,2,2,190000,2100,3,1.0606
12.7789,3,4,2,130000,1700,3,1.0606
12.7789,3,4,2,150000,1600,1,1.0606
12.7789,3,4,2,240000,1400,1,1.0606
12.7789,2,4,2,200000,1400,1,1.0606
12.7789,1,4,2,150000,1600,3,1.0606
12.7789,3,4,2,220000,1700,3,1.0606
12.7789,1,4,2,120000,910,3,1.0606
12.7789,2,4,2,220000,1200,3,1.0606
12.7789,2,4,2,96000,1700,3,1.0606
8.125,2,1,2,160000,1500,3,1.0606
8.125,3,1,2,200000,1900,3,1.0606
8.125,3,1,2,140000,1500,1,1.0606
8.125,3,1,2,150000,1300,3,1.0606
8.125,1,1,2,130000,1200,1,1.0606
8.125,3,1,2,140000,1600,3,1.0606
8.125,2,1,2,160000,1600,3,1.0606
8.125,3,1,2,160000,1700,3,1.0606
8.125,1,1,2,140000,1400,1,1.0606
8.125,3,1,2,140000,1400,1,1.0606
8.125,3,1,2,140000,990,1,1.0606
39.7071,2,3,2,180000,1900,3,1.0606
39.7071,1,3,2,170000,1400,3,1.0606
12.7789,1,4,2,210000,2200,3,1.0606
39.7071,2,3,2,150000,1300,3,1.0606
9.1091,1,2,2,150000,1500,3,1.0606
12.7789,2,4,2,140000,1400,1,1.0606
8.125,1,1,2,190000,1900,3,1.0606
8.125,3,1,2,100000,1200,3,1.0606
8.125,3,1,2,120000,1500,1,1.0606
8.125,1,1,2,150000,1500,1,1.0606
9.1091,1,2,2,160000,1700,3,1.0606
12.7789,2,4,2,130000,1200,3,1.0606
12.7789,2,4,2,170000,1900,3,1.0606
8.125,3,1,2,85000,1200,3,1.0606
8.125,1,1,2,130000,1500,1,1.0606
8.125,1,1,2,200000,1400,3,1.0606
8.125,1,1,2,160000,1300,1,1.0606
8.125,3,1,2,160000,1900,3,1.0606
8.125,1,1,2,140000,1400,3,1.0606
39.7071,1,3,2,240000,1900,3,1.0606
9.1091,1,2,2,160000,1700,3,1.0606
9.1091,3,2,2,160000,1600,3,1.0606
9.1091,1,2,2,140000,1400,3,1.0606
57.1571,1,3,1,60000,840,1,1.1433
20.1053,1,4,1,150000,840,3,1.1433
20.1053,1,4,1,96000,1300,3,1.1433
14.6545,1,4,1,87000,1100,1,1.1433
20.1053,1,4,1,85000,1100,3,1.1433
20.1053,1,4,1,85000,1100,3,1.1433
57.1571,3,3,1,76000,660,1,1.1433
14.6545,3,2,1,56000,900,1,1.1433
14.6545,1,2,1,79000,840,1,1.1433
14.6545,1,2,1,68000,1200,3,1.1433
14.6545,1,2,1,88000,1200,3,1.1433
14.6545,1,2,1,96000,1300,3,1.1433
14.6545,1,2,1,84000,1100,3,1.1433
14.6545,1,2,1,70000,1200,3,1.1433
57.1571,1,3,1,84000,980,3,1.1433
57.1571,3,3,1,84000,980,3,1.1433
14.6545,1,2,1,81000,900,1,1.1433
14.6545,1,2,1,94000,1200,3,1.1433
14.6545,3,2,1,75000,900,1,1.1433
14.6545,1,2,1,56000,900,1,1.1433
14.6545,1,2,1,81000,900,1,1.1433
14.6545,1,2,1,78000,1200,3,1.1433
14.6545,1,2,1,85000,1100,3,1.1433
14.6545,1,2,1,90000,1100,3,1.1433
14.6545,1,2,1,90000,1100,3,1.1433
57.1571,2,3,1,130000,1300,3,1.1433
57.1571,3,3,1,53000,900,1,1.1433
14.6545,3,2,1,94000,1200,3,1.1433
14.6545,1,2,1,120000,1100,3,1.1433
14.6545,1,2,1,120000,1200,3,1.1433
14.6545,3,2,1,87000,1100,3,1.1433
14.6545,3,2,1,94000,1200,3,1.1433
20.1053,2,4,1,96000,1300,3,1.1433
14.6545,2,2,1,94000,1200,3,1.1433
20.1053,1,4,1,87000,1100,3,1.1433
11.2,1,1,1,82000,1200,1,1.1433
57.1571,3,3,1,79000,840,1,1.1433
14.6545,1,2,1,85000,1200,1,1.1433
14.6545,1,2,1,94000,1200,1,1.1433
14.6545,1,2,1,56000,920,3,1.1433
14.6545,1,2,1,84000,980,3,1.1433
20.1053,1,3,1,87000,1100,3,1.1433
11.2,1,1,1,92000,1200,3,1.1433
11.2,1,1,1,92000,1200,3,1.1433
11.2,1,1,1,85000,1100,3,1.1433
11.2,1,1,1,87000,1100,3,1.1433
57.1571,2,3,1,97000,1300,3,1.1433
57.1571,3,3,1,94000,1200,3,1.1433
57.1571,3,3,1,100000,1100,1,1.1433
57.1571,1,3,1,85000,1200,3,1.1433
57.1571,2,3,1,94000,1200,3,1.1433
20.1053,1,4,1,150000,660,1,1.1433
20.1053,3,4,1,110000,1100,1,1.1433
11.2,2,1,1,98000,860,1,1.1433
11.2,1,1,1,86000,920,1,1.1433
11.2,1,1,1,110000,1000,3,1.1433
11.2,1,1,1,110000,1000,3,1.1433
11.2,2,1,1,83000,630,1,1.1433
14.6545,1,2,1,96000,1300,3,1.1433
57.1571,2,3,1,110000,1100,3,1.1433
14.6545,1,2,1,68000,1200,3,1.1433
11.2,1,1,1,120000,1200,1,1.1433
11.2,1,1,1,92000,1200,3,1.1433
57.1571,2,3,1,53000,840,1,1.1433
57.1571,3,3,1,88000,1100,1,1.1433
14.6545,3,2,1,94000,1200,1,1.1433
14.6545,1,2,1,96000,1300,3,1.1433
28.5786,3,3,2,160000,2500,3,0.9946
28.5786,3,3,2,110000,2000,3,0.9946
10.0526,3,4,2,150000,1200,3,0.9946
10.0526,3,4,2,220000,2000,3,0.9946
10.0526,3,4,2,120000,1300,3,0.9946
10.0526,2,4,2,130000,1200,1,0.9946
10.0526,1,4,2,170000,1200,3,0.9946
10.0526,2,4,2,120000,1100,3,0.9946
10.0526,1,4,2,160000,1400,1,0.9946
10.0526,1,4,2,150000,1300,3,0.9946
10.0526,1,4,2,170000,1800,3,0.9946
28.5786,2,3,2,180000,1900,3,0.9946
10.0526,1,4,2,150000,1300,3,0.9946
10.0526,3,4,2,170000,1100,3,0.9946
10.0526,3,4,2,170000,1200,3,0.9946
10.0526,1,4,2,220000,1200,3,0.9946
10.0526,1,4,2,140000,1100,3,0.9946
10.0526,1,4,2,160000,1600,3,0.9946
10.0526,1,4,2,130000,910,1,0.9946
10.0526,1,4,2,160000,1500,1,0.9946
10.0526,1,4,2,110000,1100,3,0.9946
6.7018,1,5,3,160000,1800,3,0.9946
10.0526,1,4,2,96000,1100,3,0.9946
10.0526,2,4,2,180000,1800,3,0.9946
10.0526,1,4,2,160000,1400,3,0.9946
10.0526,3,4,2,170000,1200,3,0.9946
10.0526,1,4,2,300000,1200,3,0.9946
10.0526,1,4,2,300000,1200,3,0.9946
10.0526,1,4,2,150000,1200,3,0.9946
10.0526,1,4,2,150000,1400,3,0.9946
10.0526,1,4,2,130000,910,3,0.9946
5.6,3,1,2,210000,1700,3,0.9946
28.5786,1,3,2,87000,1100,3,0.9946
5.6,1,3,2,160000,1600,3,0.9946
28.5786,1,3,2,210000,1700,3,0.9946
28.5786,3,3,2,170000,1800,3,0.9946
28.5786,3,3,2,160000,1500,3,0.9946
28.5786,3,3,2,110000,1100,1,0.9946
28.5786,3,3,2,130000,1800,3,0.9946
28.5786,3,3,2,160000,1600,3,0.9946
28.5786,2,3,2,180000,2200,3,0.9946
28.5786,2,3,2,160000,1600,3,0.9946
28.5786,3,3,2,87000,1600,3,0.9946
28.5786,3,3,2,210000,2500,3,0.9946
28.5786,3,3,2,160000,1600,3,0.9946
10.0526,1,4,2,210000,1300,3,0.9946
7.3273,3,2,2,170000,1700,3,0.9946
7.3273,3,2,2,250000,1900,3,0.9946
7.3273,1,2,2,180000,1600,3,0.9946
7.3273,1,2,2,110000,1600,3,0.9946
7.3273,1,2,2,150000,1400,3,0.9946
7.3273,1,2,2,160000,1600,3,0.9946
7.3273,3,2,2,250000,1800,1,0.9946
28.5786,3,3,2,170000,1700,3,0.9946
28.5786,3,3,2,100000,2000,3,0.9946
28.5786,3,3,2,180000,2000,3,0.9946
28.5786,3,3,2,200000,2500,3,0.9946
28.5786,3,3,2,190000,2300,3,0.9946
7.3273,1,2,2,120000,1200,3,0.9946
7.3273,1,2,2,170000,1800,3,0.9946
7.3273,1,2,2,120000,1400,3,0.9946
7.3273,1,2,2,120000,1400,3,0.9946
7.3273,1,2,2,150000,1200,3,0.9946
7.3273,1,2,2,170000,1700,3,0.9946
7.3273,1,2,2,160000,1600,3,0.9946
7.3273,1,2,2,150000,1300,3,0.9946
7.3273,1,2,2,120000,1700,3,0.9946
7.3273,1,2,2,170000,1800,3,0.9946
7.3273,1,2,2,110000,1600,3,0.9946
7.3273,1,2,2,120000,1600,3,0.9946
7.3273,3,2,2,120000,1300,3,0.9946
7.3273,1,2,2,150000,1700,3,0.9946
7.3273,1,2,2,160000,1600,3,0.9946
7.3273,1,2,2,160000,1600,3,0.9946
7.3273,1,2,2,150000,1300,3,0.9946
7.3273,1,2,2,150000,1300,1,0.9946
7.3273,1,2,2,160000,1600,3,0.9946
7.3273,1,2,2,160000,1600,3,0.9946
7.3273,2,2,2,160000,1500,3,0.9946
7.3273,2,2,2,170000,1700,3,0.9946
10.0526,1,4,2,160000,1500,3,0.9946
10.0526,3,4,2,96000,1200,3,0.9946
10.0526,1,4,2,180000,2100,3,0.9946
10.0526,2,4,2,180000,2000,3,0.9946
5.6,1,1,2,160000,1600,3,0.9946
5.6,1,1,2,170000,1900,3,0.9946
28.5786,2,3,2,200000,1600,3,0.9946
28.5786,3,3,2,160000,1600,3,0.9946
7.3273,1,2,2,160000,1600,3,0.9946
7.3273,1,2,2,120000,1900,3,0.9946
7.3273,2,2,2,89000,1600,3,0.9946
10.0526,3,3,2,180000,2000,3,0.9946
28.5786,3,3,2,140000,2000,3,0.9946
10.0526,3,4,2,140000,1900,1,0.9946
10.0526,2,4,2,130000,1700,1,0.9946
10.0526,3,4,2,190000,1500,1,0.9946
10.0526,2,4,2,180000,2100,1,0.9946
6.7018,2,5,3,270000,1800,3,0.9946
10.0526,2,4,2,150000,1500,3,0.9946
10.0526,1,4,2,170000,1400,3,0.9946
10.0526,2,4,2,240000,2100,1,0.9946
10.0526,2,4,2,150000,1300,3,0.9946
10.0526,2,4,2,96000,910,1,0.9946
5.6,2,1,2,130000,1200,3,0.9946
5.6,2,1,2,150000,1300,3,0.9946
5.6,1,1,2,130000,990,1,0.9946
5.6,3,1,2,140000,1600,3,0.9946
5.6,1,1,2,170000,1700,3,0.9946
28.5786,3,3,2,160000,2100,3,0.9946
28.5786,3,3,2,200000,2500,3,0.9946
28.5786,2,3,2,170000,1700,3,0.9946
28.5786,2,3,2,150000,1600,3,0.9946
28.5786,2,3,2,160000,1600,3,0.9946
28.5786,3,3,2,87000,1500,3,0.9946
28.5786,3,3,2,190000,2200,3,0.9946
28.5786,3,3,2,140000,2200,3,0.9946
28.5786,3,3,2,150000,2000,3,0.9946
28.5786,3,3,2,160000,2000,3,0.9946
28.5786,3,3,2,240000,2000,3,0.9946
28.5786,3,3,2,190000,2300,3,0.9946
7.3273,2,3,2,150000,1800,3,0.9946
28.5786,3,3,2,190000,2300,3,0.9946
28.5786,3,3,2,240000,1800,3,0.9946
28.5786,3,3,2,150000,1600,3,0.9946
10.0526,3,4,2,240000,1500,1,0.9946
10.0526,1,4,2,180000,2000,3,0.9946
10.0526,1,4,2,140000,1100,3,0.9946
10.0526,1,4,2,170000,1800,3,0.9946
5.6,3,1,2,150000,1500,3,0.9946
5.6,2,1,2,160000,1600,3,0.9946
5.6,3,1,2,130000,1400,3,0.9946
5.6,1,1,2,150000,1300,3,0.9946
5.6,1,1,2,160000,1500,3,0.9946
5.6,1,1,2,150000,1400,3,0.9946
5.6,2,1,2,180000,1300,3,0.9946
5.6,1,1,2,160000,1600,3,0.9946
28.5786,1,3,2,170000,1800,3,0.9946
6.7018,3,5,3,260000,2300,3,0.9946
7.3273,2,2,2,140000,1100,3,0.9946
28.5786,3,3,2,180000,2000,3,0.9946
7.3273,1,2,2,170000,1700,3,0.9946
7.3273,3,2,2,130000,1900,3,0.9946
10.0526,2,4,2,150000,1200,3,0.9946
5.6,3,1,2,100000,1300,3,0.9946
5.6,1,1,2,170000,1600,3,0.9946
5.6,3,1,2,140000,1700,3,0.9946
5.6,3,1,2,170000,1900,3,0.9946
5.6,1,1,2,120000,1200,3,0.9946
5.6,1,1,2,170000,1700,3,0.9946
5.6,3,1,2,160000,1900,3,0.9946
5.6,2,1,2,150000,1400,3,0.9946
7.3273,1,2,2,150000,1400,3,0.9946
5.6,1,1,2,150000,1200,3,0.9946
5.6,1,1,2,170000,1700,3,0.9946
5.6,1,1,2,160000,1600,3,0.9946
28.5786,2,3,2,160000,2200,3,0.9946
7.3273,3,2,2,120000,1300,1,0.9946
7.3273,3,2,2,140000,1600,3,0.9946
7.3273,3,2,2,130000,1600,3,0.9946
71.9071,3,3,1,86000,1200,3,1.0195
71.9071,1,3,1,71000,1200,3,1.0195
26.3158,1,4,1,150000,900,3,1.0195
26.3158,2,4,1,150000,1100,1,1.0195
20.3,1,4,1,67000,720,1,1.0195
26.3158,1,4,1,57000,720,3,1.0195
26.3158,3,4,1,73000,720,1,1.0195
26.3158,1,4,1,100000,1300,3,1.0195
26.3158,1,4,1,77000,900,3,1.0195
26.3158,1,4,1,88000,1100,1,1.0195
26.3158,1,4,1,85000,960,1,1.0195
16.1333,1,1,1,66000,700,1,1.0195
71.9071,1,3,1,53000,1100,3,1.0195
71.9071,3,3,1,88000,1100,3,1.0195
71.9071,3,3,1,92000,1200,3,1.0195
71.9071,2,3,1,86000,1000,1,1.0195
71.9071,2,3,1,86000,1000,1,1.0195
20.3,1,2,1,79000,920,3,1.0195
20.3,1,2,1,87000,1100,3,1.0195
20.3,1,2,1,98000,1200,3,1.0195
20.3,1,2,1,79000,960,1,1.0195
20.3,1,2,1,93000,1200,3,1.0195
20.3,1,2,1,100000,960,1,1.0195
20.3,1,2,1,100000,960,1,1.0195
20.3,1,2,1,81000,960,1,1.0195
20.3,1,2,1,87000,1100,3,1.0195
20.3,1,2,1,120000,1100,3,1.0195
20.3,3,2,1,95000,1200,3,1.0195
20.3,1,2,1,79000,920,3,1.0195
20.3,1,2,1,96000,1200,3,1.0195
71.9071,3,3,1,92000,1200,3,1.0195
71.9071,2,3,1,130000,960,1,1.0195
20.3,1,2,1,88000,1100,3,1.0195
20.3,1,2,1,88000,1100,3,1.0195
20.3,1,2,1,96000,1200,3,1.0195
20.3,1,2,1,87000,1100,3,1.0195
20.3,1,2,1,88000,1100,3,1.0195
20.3,1,2,1,74000,1100,3,1.0195
20.3,1,2,1,96000,1200,3,1.0195
20.3,1,2,1,96000,1200,3,1.0195
20.3,1,2,1,81000,960,1,1.0195
20.3,1,2,1,100000,1200,3,1.0195
20.3,1,2,1,84000,1100,3,1.0195
20.3,1,2,1,87000,1100,3,1.0195
20.3,1,2,1,82000,1100,3,1.0195
20.3,3,2,1,100000,1300,3,1.0195
26.3158,1,4,1,96000,1200,3,1.0195
26.3158,1,4,1,100000,1300,3,1.0195
26.3158,1,4,1,98000,1300,3,1.0195
26.3158,1,4,1,97000,1300,3,1.0195
16.1333,1,1,1,67000,920,3,1.0195
71.9071,2,3,1,86000,1000,1,1.0195
71.9071,3,3,1,74000,840,1,1.0195
71.9071,3,3,1,81000,960,1,1.0195
71.9071,4,3,1,60000,840,1,1.0195
20.3,1,2,1,96000,1200,3,1.0195
71.9071,2,3,1,130000,1000,1,1.0195
71.9071,3,3,1,85000,1000,3,1.0195
71.9071,3,3,1,89000,1100,3,1.0195
16.1333,1,1,1,87000,1100,3,1.0195
16.1333,1,1,1,55000,1100,3,1.0195
16.1333,1,1,1,82000,980,3,1.0195
71.9071,3,3,1,85000,1000,3,1.0195
71.9071,3,3,1,84000,1000,1,1.0195
16.1333,1,1,1,77000,900,1,1.0195
71.9071,2,3,1,86000,1000,1,1.0195
20.3,1,2,1,56000,840,3,1.0195
20.3,1,2,1,66000,1200,3,1.0195
20.3,1,2,1,78000,1200,3,1.0195
20.3,1,2,1,82000,960,1,1.0195
16.1333,1,1,1,74000,840,1,1.0195
16.1333,2,1,1,61000,840,1,1.0195
71.9071,3,3,1,96000,1200,3,1.0195
13.1579,3,4,2,140000,1300,3,1.0361
8.7719,2,5,3,240000,2700,3,1.0361
13.1579,3,4,2,140000,1300,1,1.0361
13.1579,1,4,2,150000,1500,3,1.0361
13.1579,1,4,2,200000,2200,3,1.0361
13.1579,1,4,2,150000,1500,3,1.0361
13.1579,1,4,2,190000,1500,3,1.0361
13.1579,1,4,2,150000,1500,3,1.0361
13.1579,3,4,2,130000,1200,3,1.0361
13.1579,2,4,2,96000,1200,3,1.0361
13.1579,3,4,2,250000,1800,3,1.0361
13.1579,1,4,2,210000,1200,1,1.0361
13.1579,3,4,2,200000,1600,3,1.0361
13.1579,1,4,2,180000,1300,3,1.0361
13.1579,1,4,2,250000,1200,1,1.0361
13.1579,2,4,2,150000,1600,3,1.0361
35.9536,3,3,2,110000,1600,3,1.0361
13.1579,1,4,2,180000,1400,3,1.0361
13.1579,1,4,2,140000,1300,3,1.0361
13.1579,2,4,2,140000,1300,3,1.0361
13.1579,2,4,2,200000,1300,1,1.0361
13.1579,1,4,2,140000,1300,1,1.0361
13.1579,1,4,2,170000,1800,3,1.0361
13.1579,2,4,2,190000,1600,3,1.0361
13.1579,3,4,2,130000,1200,3,1.0361
13.1579,1,4,2,180000,1300,3,1.0361
13.1579,1,4,2,300000,1600,3,1.0361
13.1579,1,4,2,300000,1600,3,1.0361
8.0667,2,1,2,130000,1300,3,1.0361
23.969,3,5,3,240000,3100,3,1.0361
35.9536,2,3,2,87000,1100,3,1.0361
35.9536,3,3,2,150000,1600,3,1.0361
35.9536,3,3,2,150000,1500,3,1.0361
35.9536,3,3,2,140000,1500,3,1.0361
35.9536,3,3,2,200000,2500,3,1.0361
35.9536,3,3,2,120000,1100,1,1.0361
35.9536,3,3,2,190000,2300,3,1.0361
35.9536,3,3,2,240000,2200,3,1.0361
35.9536,3,3,2,220000,2300,3,1.0361
35.9536,1,3,2,170000,1300,1,1.0361
35.9536,3,3,2,160000,1900,3,1.0361
13.1579,1,4,2,160000,1600,3,1.0361
10.15,2,2,2,190000,2200,3,1.0361
10.15,1,2,2,130000,1500,3,1.0361
10.15,1,2,2,110000,1500,3,1.0361
10.15,3,2,2,150000,1500,3,1.0361
10.15,3,2,2,250000,2100,3,1.0361
10.15,3,2,2,150000,1800,3,1.0361
10.15,1,2,2,160000,1700,3,1.0361
35.9536,3,3,2,140000,2000,3,1.0361
35.9536,3,3,2,170000,1900,3,1.0361
35.9536,3,3,2,120000,1700,3,1.0361
35.9536,3,3,2,130000,2500,3,1.0361
10.15,1,2,2,150000,1600,3,1.0361
10.15,1,2,2,170000,1700,1,1.0361
10.15,1,2,2,130000,1100,3,1.0361
10.15,1,2,2,120000,1400,3,1.0361
35.9536,1,2,2,160000,1600,3,1.0361
10.15,1,2,2,140000,1300,3,1.0361
10.15,1,2,2,150000,1600,3,1.0361
10.15,1,2,2,130000,1100,3,1.0361
10.15,1,2,2,120000,1600,3,1.0361
10.15,1,2,2,150000,1600,3,1.0361
10.15,1,2,2,130000,1300,3,1.0361
10.15,1,2,2,130000,1500,3,1.0361
10.15,2,2,2,120000,1600,3,1.0361
10.15,1,2,2,140000,1600,3,1.0361
35.9536,3,3,2,240000,2500,3,1.0361
35.9536,2,3,2,190000,2500,3,1.0361
10.15,3,2,2,250000,1700,3,1.0361
10.15,3,2,2,89000,1300,3,1.0361
10.15,1,2,2,120000,1100,3,1.0361
10.15,3,2,2,150000,1500,3,1.0361
13.1579,3,4,2,170000,1800,3,1.0361
10.15,2,2,2,120000,1100,3,1.0361
10.15,2,2,2,250000,2400,3,1.0361
13.1579,2,4,2,170000,1800,3,1.0361
13.1579,2,4,2,200000,2200,3,1.0361
8.0667,1,1,2,130000,1500,3,1.0361
8.0667,1,1,2,140000,1300,3,1.0361
35.9536,3,3,2,130000,1100,1,1.0361
35.9536,2,3,2,120000,1900,3,1.0361
35.9536,3,3,2,190000,1300,3,1.0361
35.9536,2,3,2,120000,1600,3,1.0361
10.15,1,2,2,180000,2400,3,1.0361
35.9536,3,3,2,120000,2100,3,1.0361
13.1579,3,4,2,210000,1600,1,1.0361
13.1579,1,4,2,130000,1300,3,1.0361
13.1579,2,4,2,110000,910,1,1.0361
13.1579,2,4,2,140000,1300,3,1.0361
13.1579,2,4,2,96000,1300,3,1.0361
13.1579,2,4,2,140000,1900,3,1.0361
8.0667,3,1,2,160000,1400,3,1.0361
8.0667,2,1,2,150000,1500,3,1.0361
8.0667,1,1,2,130000,1100,3,1.0361
8.0667,1,1,2,140000,1500,1,1.0361
8.0667,1,1,2,150000,1500,3,1.0361
8.0667,1,1,2,170000,1900,3,1.0361
8.0667,1,1,2,130000,1400,3,1.0361
8.0667,3,1,2,120000,1100,3,1.0361
8.0667,3,1,2,120000,1500,3,1.0361
8.0667,1,1,2,130000,990,1,1.0361
35.9536,3,3,2,190000,2200,3,1.0361
35.9536,3,3,2,190000,2500,3,1.0361
35.9536,2,3,2,240000,2000,3,1.0361
35.9536,3,3,2,160000,2100,3,1.0361
35.9536,3,3,2,170000,1800,3,1.0361
35.9536,3,3,2,170000,1800,3,1.0361
35.9536,3,3,2,140000,1600,3,1.0361
35.9536,3,3,2,240000,2500,3,1.0361
35.9536,2,3,2,150000,1800,3,1.0361
35.9536,2,3,2,110000,1600,3,1.0361
35.9536,3,3,2,150000,1600,3,1.0361
35.9536,3,3,2,180000,2000,3,1.0361
35.9536,3,3,2,190000,2100,3,1.0361
35.9536,3,3,2,240000,1800,3,1.0361
35.9536,3,3,2,180000,2400,3,1.0361
13.1579,2,4,2,200000,1800,3,1.0361
13.1579,3,4,2,300000,1600,3,1.0361
13.1579,2,4,2,130000,1300,1,1.0361
13.1579,3,4,2,120000,1500,3,1.0361
13.1579,2,4,2,300000,2000,3,1.0361
13.1579,1,4,2,210000,1500,3,1.0361
13.1579,1,4,2,130000,1300,1,1.0361
13.1579,1,4,2,170000,1900,3,1.0361
8.0667,3,1,2,170000,1700,3,1.0361
8.0667,3,1,2,170000,1900,3,1.0361
8.0667,3,1,2,170000,1900,3,1.0361
8.0667,3,1,2,180000,1900,3,1.0361
8.0667,1,1,2,160000,1700,3,1.0361
8.0667,1,1,2,150000,1500,3,1.0361
8.0667,2,1,2,130000,1300,3,1.0361
35.9536,1,3,2,130000,1100,1,1.0361
35.9536,1,3,2,240000,1900,3,1.0361
35.9536,2,3,2,190000,1900,3,1.0361
13.1579,1,4,2,160000,1600,3,1.0361
10.15,1,2,2,250000,1800,1,1.0361
10.15,2,2,2,160000,1700,3,1.0361
13.1579,1,4,2,110000,1100,1,1.0361
13.1579,2,4,2,220000,1500,3,1.0361
13.1579,3,4,2,140000,1300,3,1.0361
13.1579,2,4,2,300000,2100,3,1.0361
8.0667,2,1,2,140000,1500,3,1.0361
8.0667,3,1,2,160000,1500,3,1.0361
8.0667,1,1,2,140000,1300,3,1.0361
8.0667,2,1,2,190000,1900,3,1.0361
8.0667,1,1,2,140000,1400,3,1.0361
8.0667,3,1,2,160000,1700,3,1.0361
10.15,1,2,2,150000,1600,3,1.0361
10.15,1,2,2,190000,2200,3,1.0361
10.15,1,2,2,89000,1100,3,1.0361
10.15,3,2,2,89000,1500,3,1.0361
35.9536,3,3,2,200000,2500,3,1.0361
8.7719,3,5,3,220000,2700,3,1.0361
13.1579,3,4,2,96000,1300,3,1.0361
13.1579,2,4,2,140000,1300,1,1.0361
13.1579,2,4,2,130000,1200,3,1.0361
13.1579,2,4,2,96000,910,1,1.0361
8.0667,1,1,2,180000,1700,3,1.0361
8.0667,2,1,2,100000,1600,3,1.0361
35.9536,2,3,2,160000,1700,3,1.0361
35.9536,2,3,2,170000,2000,3,1.0361
35.9536,3,3,2,140000,2100,3,1.0361
35.9536,3,3,2,87000,1600,3,1.0361
10.15,1,2,2,160000,1600,3,1.0361
10.15,1,2,2,100000,2400,1,1.0361
10.15,2,2,2,150000,1300,3,1.0361
10.15,3,2,2,89000,1100,3,1.0361
10.15,3,2,2,160000,1700,3,1.0361
59.65,1,3,1,74000,900,1,1.0344
23.8211,1,4,1,88000,1200,3,1.0344
23.8211,1,4,1,120000,900,3,1.0344
23.8211,1,4,1,100000,810,1,1.0344
23.8211,1,4,1,80000,900,1,1.0344
59.65,1,3,1,64000,900,1,1.0344
59.65,1,3,1,130000,1200,3,1.0344
59.65,3,3,1,84000,1300,3,1.0344
59.65,2,3,1,110000,660,1,1.0344
59.65,3,3,1,72000,660,1,1.0344
59.65,2,3,1,79000,1100,3,1.0344
59.65,2,3,1,130000,1300,3,1.0344
18.1091,1,2,1,80000,740,1,1.0344
18.1091,1,2,1,80000,1200,3,1.0344
18.1091,3,2,1,90000,990,3,1.0344
18.1091,1,2,1,98000,1100,3,1.0344
18.1091,1,2,1,87000,990,1,1.0344
59.65,1,2,1,96000,1000,3,1.0344
18.1091,1,2,1,70000,1200,3,1.0344
59.65,3,3,1,130000,1300,3,1.0344
59.65,2,3,1,81000,1200,3,1.0344
18.1091,1,2,1,65000,1000,3,1.0344
18.1091,1,2,1,70000,1100,3,1.0344
18.1091,1,2,1,93000,960,1,1.0344
18.1091,1,2,1,98000,1100,3,1.0344
18.1091,1,2,1,96000,1000,3,1.0344
18.1091,1,2,1,100000,1200,3,1.0344
18.1091,1,2,1,120000,1200,3,1.0344
18.1091,1,2,1,98000,1100,3,1.0344
18.1091,1,2,1,79000,900,1,1.0344
18.1091,1,2,1,93000,960,1,1.0344
18.1091,1,2,1,95000,990,1,1.0344
18.1091,1,2,1,70000,920,3,1.0344
18.1091,1,2,1,92000,920,1,1.0344
23.8211,3,4,1,100000,1100,3,1.0344
18.1091,2,2,1,120000,1300,3,1.0344
23.8211,2,4,1,110000,1100,3,1.0344
23.8211,3,4,1,94000,770,1,1.0344
23.8211,2,4,1,110000,1100,3,1.0344
59.65,3,3,1,100000,1200,3,1.0344
59.65,3,3,1,74000,1200,3,1.0344
18.1091,1,2,1,99000,1100,3,1.0344
18.1091,1,2,1,87000,900,3,1.0344
23.8211,2,4,1,87000,810,1,1.0344
14.6,1,1,1,98000,1100,3,1.0344
14.6,1,1,1,150000,900,1,1.0344
14.6,1,1,1,100000,1100,3,1.0344
14.6,1,1,1,94000,980,1,1.0344
14.6,1,1,1,98000,1100,1,1.0344
14.6,1,1,1,150000,1100,3,1.0344
14.6,1,1,1,98000,1100,1,1.0344
59.65,2,3,1,100000,1200,3,1.0344
59.65,2,3,1,100000,1200,3,1.0344
59.65,2,3,1,91000,900,1,1.0344
59.65,1,3,1,98000,1100,3,1.0344
59.65,2,3,1,100000,1200,3,1.0344
59.65,1,3,1,77000,920,3,1.0344
59.65,3,3,1,59000,900,3,1.0344
59.65,3,3,1,98000,1100,3,1.0344
14.6,1,1,1,110000,1100,3,1.0344
14.6,1,1,1,92000,920,1,1.0344
18.1091,1,2,1,95000,990,3,1.0344
18.1091,1,2,1,98000,1100,1,1.0344
18.1091,1,2,1,76000,1100,3,1.0344
18.1091,1,2,1,75000,1100,3,1.0344
23.8211,1,4,1,110000,1300,3,1.0344
14.6,1,1,1,110000,950,3,1.0344
14.6,1,1,1,91000,900,1,1.0344
14.6,3,1,1,88000,630,1,1.0344
14.6,1,1,1,94000,980,1,1.0344
14.6,2,1,1,75000,950,3,1.0344
14.6,1,1,1,71000,1100,1,1.0344
14.6,1,1,1,79000,630,1,1.0344
18.1091,1,2,1,120000,1200,3,1.0344
14.6,1,1,1,94000,980,1,1.0344
14.6,1,1,1,110000,1100,1,1.0344
59.65,3,3,1,90000,660,1,1.0344
59.65,1,3,1,130000,1200,3,1.0344
59.65,2,3,1,98000,1100,1,1.0344
18.1091,1,2,1,96000,1000,3,1.0344
29.825,2,3,2,160000,1900,3,1.046
29.825,3,3,2,240000,2500,3,1.046
29.825,2,3,2,240000,2000,3,1.046
11.9105,2,4,2,96000,910,1,1.046
11.9105,2,4,2,170000,1800,3,1.046
11.9105,1,4,2,160000,1100,1,1.046
11.9105,1,4,2,160000,1600,3,1.046
11.9105,3,4,2,160000,1700,3,1.046
11.9105,1,4,2,150000,1300,1,1.046
11.9105,2,4,2,210000,1200,1,1.046
11.9105,3,4,2,300000,1900,3,1.046
11.9105,1,4,2,140000,1200,1,1.046
11.9105,1,4,2,150000,1500,3,1.046
11.9105,1,4,2,230000,1300,3,1.046
11.9105,1,4,2,120000,910,1,1.046
11.9105,1,4,2,200000,1800,1,1.046
11.9105,1,4,2,140000,1300,3,1.046
11.9105,1,4,2,180000,2000,3,1.046
11.9105,1,4,2,140000,1300,3,1.046
11.9105,1,4,2,300000,1500,3,1.046
11.9105,1,4,2,170000,1800,1,1.046
11.9105,3,4,2,150000,1700,1,1.046
11.9105,1,4,2,150000,1500,3,1.046
11.9105,1,4,2,140000,1200,1,1.046
11.9105,1,4,2,140000,1600,3,1.046
11.9105,1,4,2,130000,1100,1,1.046
11.9105,1,4,2,220000,1600,3,1.046
7.3,1,1,2,160000,1600,3,1.046
29.825,1,3,2,160000,1600,3,1.046
29.825,3,3,2,180000,1800,3,1.046
29.825,3,3,2,200000,2500,3,1.046
29.825,3,3,2,130000,1100,1,1.046
29.825,3,3,2,140000,1100,1,1.046
29.825,3,3,2,170000,2100,3,1.046
29.825,1,3,2,190000,1400,1,1.046
29.825,3,3,2,110000,1100,3,1.046
29.825,3,3,2,180000,2100,3,1.046
29.825,1,3,2,160000,1600,3,1.046
29.825,3,3,2,87000,1100,3,1.046
29.825,3,3,2,200000,2500,3,1.046
11.9105,1,4,2,200000,1700,3,1.046
11.9105,1,4,2,130000,910,1,1.046
9.0545,3,2,2,150000,2000,3,1.046
9.0545,1,2,2,120000,1600,3,1.046
9.0545,1,2,2,180000,2200,3,1.046
9.0545,3,2,2,250000,1800,3,1.046
9.0545,1,2,2,150000,1500,3,1.046
9.0545,2,2,2,250000,2400,3,1.046
29.825,2,3,2,160000,1600,3,1.046
29.825,2,3,2,130000,2200,3,1.046
9.0545,1,2,2,140000,1600,3,1.046
9.0545,1,2,2,160000,1700,1,1.046
9.0545,1,2,2,120000,1200,3,1.046
9.0545,1,2,2,150000,1400,3,1.046
9.0545,1,2,2,160000,1800,3,1.046
9.0545,1,2,2,160000,1900,3,1.046
9.0545,1,2,2,160000,1700,3,1.046
9.0545,1,2,2,150000,1300,3,1.046
9.0545,3,2,2,150000,1300,3,1.046
9.0545,1,2,2,110000,1200,3,1.046
9.0545,1,2,2,150000,1300,3,1.046
9.0545,1,2,2,180000,2000,3,1.046
9.0545,1,2,2,120000,1500,3,1.046
9.0545,1,2,2,160000,1900,3,1.046
9.0545,1,2,2,130000,1600,3,1.046
29.825,3,3,2,170000,2500,3,1.046
9.0545,3,2,2,160000,1600,3,1.046
9.0545,2,2,2,170000,2000,3,1.046
9.0545,3,4,2,190000,1700,3,1.046
9.0545,2,2,2,180000,2200,3,1.046
9.0545,2,2,2,200000,2400,3,1.046
11.9105,2,4,2,170000,1800,3,1.046
11.9105,2,4,2,160000,1700,3,1.046
7.3,1,1,2,170000,1900,3,1.046
29.825,3,3,2,170000,1900,3,1.046
9.0545,1,2,2,140000,1200,3,1.046
9.0545,1,2,2,170000,1900,3,1.046
9.0545,1,2,2,160000,1600,3,1.046
29.825,3,3,2,200000,2500,3,1.046
11.9105,2,4,2,170000,1600,3,1.046
11.9105,2,4,2,140000,2000,3,1.046
11.9105,1,4,2,230000,1600,3,1.046
11.9105,2,4,2,220000,1600,3,1.046
11.9105,2,4,2,96000,1300,3,1.046
7.9404,2,5,3,170000,2300,3,1.046
11.9105,2,4,2,180000,1600,3,1.046
11.9105,2,4,2,160000,1700,1,1.046
11.9105,2,4,2,160000,1600,3,1.046
11.9105,2,4,2,120000,910,1,1.046
11.9105,2,4,2,96000,910,1,1.046
7.3,1,1,2,130000,1200,1,1.046
7.3,1,1,2,170000,1900,3,1.046
7.3,1,1,2,99000,1300,3,1.046
7.3,2,1,2,110000,1600,3,1.046
7.3,1,1,2,170000,1900,3,1.046
7.3,3,1,2,120000,1700,3,1.046
7.3,1,1,2,280000,1600,3,1.046
7.3,1,1,2,130000,990,1,1.046
7.3,1,1,2,130000,990,1,1.046
7.3,1,1,2,170000,1400,3,1.046
7.3,2,1,2,140000,1300,3,1.046
29.825,1,3,2,150000,1600,3,1.046
29.825,2,3,2,160000,1600,3,1.046
29.825,3,3,2,150000,1300,3,1.046
29.825,2,3,2,180000,2300,3,1.046
29.825,2,3,2,140000,1700,3,1.046
29.825,3,3,2,160000,1600,3,1.046
29.825,2,3,2,210000,2500,3,1.046
29.825,3,3,2,170000,1900,3,1.046
29.825,2,3,2,150000,2000,3,1.046
29.825,3,3,2,210000,2500,3,1.046
29.825,3,3,2,200000,2500,3,1.046
29.825,3,3,2,140000,2500,3,1.046
29.825,2,3,2,170000,1900,3,1.046
29.825,2,3,2,110000,1700,3,1.046
11.9105,2,4,2,210000,1600,3,1.046
11.9105,2,4,2,300000,1600,3,1.046
11.9105,2,4,2,210000,1200,3,1.046
7.9404,1,5,3,190000,2300,3,1.046
7.3,2,1,2,100000,990,3,1.046
7.3,1,1,2,160000,1600,3,1.046
7.3,1,1,2,150000,1100,1,1.046
7.3,1,1,2,140000,1300,3,1.046
7.3,3,1,2,85000,1200,3,1.046
7.3,2,1,2,140000,1200,3,1.046
7.3,1,1,2,280000,1900,1,1.046
7.3,2,1,2,180000,1600,3,1.046
7.3,2,1,2,210000,1600,3,1.046
29.825,3,3,2,150000,1400,1,1.046
9.0545,1,2,2,250000,1700,1,1.046
29.825,2,3,2,87000,1600,3,1.046
29.825,2,3,2,130000,1900,3,1.046
9.0545,1,2,2,120000,1400,3,1.046
9.0545,1,2,2,140000,1200,3,1.046
29.825,2,4,2,150000,1800,3,1.046
7.3,2,1,2,130000,1300,3,1.046
7.3,1,1,2,150000,1300,3,1.046
7.3,3,1,2,120000,1300,3,1.046
7.3,3,1,2,150000,1900,3,1.046
7.3,3,1,2,180000,1900,3,1.046
7.3,3,1,2,150000,1600,3,1.046
7.3,1,1,2,150000,1400,3,1.046
7.3,2,1,2,180000,1700,3,1.046
7.3,1,1,2,120000,1600,3,1.046
7.3,1,1,2,160000,1600,3,1.046
29.825,2,3,2,160000,1600,3,1.046
11.9105,2,4,2,180000,2000,3,1.046
11.9105,2,4,2,110000,1500,3,1.046
7.3,1,1,2,160000,1700,1,1.046
7.3,1,1,2,150000,1300,3,1.046
7.3,3,1,2,170000,1700,3,1.046
29.825,3,3,2,150000,1300,3,1.046
56.7929,3,3,1,65000,1100,1,1.0988
20.3158,1,4,1,110000,700,1,1.0988
20.3158,2,4,1,74000,670,1,1.0988
20.3158,1,4,1,69000,670,1,1.0988
20.3158,1,4,1,82000,960,1,1.0988
15.7167,2,1,1,76000,700,1,1.0988
56.7929,1,3,1,77000,840,1,1.0988
56.7929,1,3,1,53000,840,1,1.0988
56.7929,3,3,1,77000,840,1,1.0988
56.7929,1,3,1,71000,660,1,1.0988
56.7929,2,3,1,77000,840,1,1.0988
19.4636,2,2,1,92000,1100,1,1.0988
19.4636,1,2,1,120000,1300,3,1.0988
19.4636,1,2,1,93000,1100,3,1.0988
19.4636,1,2,1,85000,1000,3,1.0988
19.4636,2,2,1,120000,970,1,1.0988
19.4636,1,2,1,87000,1300,3,1.0988
19.4636,3,2,1,90000,900,1,1.0988
56.7929,3,3,1,83000,1300,3,1.0988
56.7929,3,3,1,75000,1100,3,1.0988
19.4636,2,2,1,95000,1300,3,1.0988
19.4636,1,2,1,100000,1100,3,1.0988
19.4636,1,2,1,86000,1100,3,1.0988
20.3158,1,2,1,96000,1300,3,1.0988
19.4636,1,2,1,70000,1200,3,1.0988
19.4636,1,2,1,77000,840,1,1.0988
56.7929,3,3,1,91000,1300,3,1.0988
56.7929,3,3,1,59000,840,1,1.0988
19.4636,3,2,1,94000,1200,3,1.0988
19.4636,1,2,1,64000,1200,3,1.0988
19.4636,3,2,1,94000,1200,3,1.0988
19.4636,2,2,1,94000,1200,3,1.0988
56.7929,1,3,1,62000,840,1,1.0988
19.4636,3,2,1,75000,800,1,1.0988
19.4636,1,2,1,88000,1100,1,1.0988
19.4636,1,2,1,75000,800,1,1.0988
19.4636,1,2,1,86000,1100,3,1.0988
20.3158,3,3,1,86000,1100,1,1.0988
15.7167,1,1,1,81000,920,1,1.0988
56.7929,3,3,1,79000,900,1,1.0988
56.7929,3,3,1,91000,1200,3,1.0988
56.7929,3,3,1,82000,900,1,1.0988
56.7929,1,3,1,130000,1200,3,1.0988
56.7929,2,3,1,64000,840,1,1.0988
19.4636,1,2,1,77000,1200,3,1.0988
20.3158,1,4,1,83000,960,1,1.0988
15.7167,1,1,1,87000,920,1,1.0988
15.7167,1,1,1,78000,780,1,1.0988
19.4636,1,2,1,86000,1100,3,1.0988
19.4636,1,2,1,56000,960,1,1.0988
56.7929,3,3,1,89000,1100,3,1.0988
15.7167,1,1,1,83000,980,1,1.0988
15.7167,1,1,1,81000,920,1,1.0988
19.4636,1,2,1,86000,1100,3,1.0988
15.7167,1,1,1,74000,780,1,1.0988
15.7167,1,1,1,83000,980,3,1.0988
15.7167,1,1,1,120000,920,1,1.0988
19.4636,1,2,1,94000,1200,3,1.0988
28.3964,2,3,2,180000,2000,3,1.0188
28.3964,3,3,2,87000,2000,3,1.0188
28.3964,3,3,2,160000,1600,3,1.0188
10.1579,3,4,2,300000,1900,3,1.0188
10.1579,1,4,2,160000,1100,3,1.0188
10.1579,3,4,2,190000,1300,1,1.0188
10.1579,1,4,2,140000,1300,1,1.0188
10.1579,3,4,2,260000,1700,3,1.0188
10.1579,2,4,2,240000,2200,3,1.0188
10.1579,2,4,2,250000,1600,3,1.0188
10.1579,1,4,2,170000,1800,3,1.0188
10.1579,3,4,2,250000,2000,3,1.0188
10.1579,1,4,2,160000,1700,3,1.0188
10.1579,3,4,2,220000,1700,3,1.0188
10.1579,2,4,2,120000,1800,3,1.0188
10.1579,3,4,2,120000,910,1,1.0188
10.1579,2,4,2,140000,1200,3,1.0188
10.1579,1,4,2,140000,1300,3,1.0188
10.1579,1,4,2,96000,910,1,1.0188
10.1579,1,4,2,140000,1300,3,1.0188
10.1579,1,4,2,120000,910,3,1.0188
10.1579,1,4,2,200000,1500,3,1.0188
10.1579,1,4,2,140000,1100,1,1.0188
10.1579,1,4,2,160000,1600,3,1.0188
10.1579,1,4,2,230000,1400,3,1.0188
10.1579,1,4,2,140000,1300,1,1.0188
28.3964,1,3,2,150000,1700,3,1.0188
7.8583,3,3,2,130000,1100,3,1.0188
28.3964,3,3,2,170000,1800,3,1.0188
28.3964,3,3,2,170000,1800,3,1.0188
28.3964,2,3,2,87000,1100,1,1.0188
28.3964,3,3,2,170000,1900,3,1.0188
28.3964,1,3,2,210000,1400,1,1.0188
28.3964,3,3,2,170000,1900,3,1.0188
18.931,2,5,3,240000,2600,3,1.0188
28.3964,3,3,2,160000,1600,3,1.0188
28.3964,3,3,2,160000,1600,3,1.0188
28.3964,1,3,2,170000,1300,1,1.0188
28.3964,1,3,2,190000,1400,1,1.0188
28.3964,2,3,2,110000,1700,3,1.0188
28.3964,2,3,2,150000,2100,3,1.0188
9.7318,2,2,2,250000,2400,3,1.0188
9.7318,1,2,2,160000,1600,3,1.0188
9.7318,1,2,2,160000,1600,3,1.0188
9.7318,1,2,2,150000,1400,3,1.0188
9.7318,1,2,2,120000,1300,3,1.0188
9.7318,1,2,2,150000,1600,3,1.0188
9.7318,1,2,2,150000,1500,3,1.0188
9.7318,1,2,2,89000,1200,3,1.0188
9.7318,3,2,2,180000,1700,3,1.0188
9.7318,1,2,2,160000,1600,3,1.0188
9.7318,3,2,2,250000,1800,3,1.0188
28.3964,2,3,2,160000,1600,3,1.0188
9.7318,2,2,2,130000,1600,3,1.0188
9.7318,1,2,2,250000,2400,3,1.0188
9.7318,1,2,2,150000,1500,3,1.0188
9.7318,1,2,2,150000,1300,3,1.0188
9.7318,1,2,2,170000,1600,3,1.0188
9.7318,1,2,2,170000,1800,3,1.0188
9.7318,1,2,2,150000,1500,3,1.0188
9.7318,1,2,2,130000,1100,3,1.0188
9.7318,1,2,2,180000,2000,3,1.0188
9.7318,1,2,2,160000,1500,3,1.0188
9.7318,1,2,2,130000,1400,3,1.0188
28.3964,3,3,2,170000,2500,3,1.0188
28.3964,3,3,2,200000,2500,3,1.0188
9.7318,3,2,2,110000,2100,3,1.0188
28.3964,2,2,2,250000,2400,3,1.0188
10.1579,3,4,2,200000,2200,3,1.0188
10.1579,3,4,2,150000,1300,3,1.0188
9.7318,3,2,2,190000,2400,3,1.0188
9.7318,3,2,2,180000,2000,3,1.0188
10.1579,1,4,2,160000,1700,3,1.0188
10.1579,1,4,2,190000,2200,3,1.0188
10.1579,1,4,2,130000,910,1,1.0188
10.1579,4,4,2,140000,1200,3,1.0188
7.8583,1,1,2,160000,1700,3,1.0188
7.8583,1,1,2,160000,1700,3,1.0188
7.8583,1,1,2,140000,1300,3,1.0188
28.3964,3,3,2,190000,2500,3,1.0188
28.3964,2,3,2,170000,2000,3,1.0188
28.3964,3,3,2,160000,1600,3,1.0188
28.3964,3,3,2,240000,2500,3,1.0188
28.3964,3,3,2,170000,1600,3,1.0188
28.3964,3,3,2,150000,1400,1,1.0188
9.7318,1,2,2,160000,1600,3,1.0188
9.7318,2,2,2,140000,2100,3,1.0188
9.7318,1,2,2,110000,1400,3,1.0188
10.1579,3,3,2,190000,2500,3,1.0188
28.3964,1,3,2,170000,1800,3,1.0188
6.7719,2,5,3,190000,2500,3,1.0188
10.1579,2,4,2,150000,1600,3,1.0188
10.1579,2,4,2,140000,1100,3,1.0188
10.1579,2,4,2,130000,1300,3,1.0188
10.1579,3,4,2,120000,1100,3,1.0188
7.8583,1,1,2,150000,1300,3,1.0188
7.8583,1,1,2,170000,1900,3,1.0188
7.8583,1,1,2,85000,1700,3,1.0188
7.8583,1,1,2,130000,990,3,1.0188
7.8583,3,1,2,130000,1900,3,1.0188
7.8583,1,1,2,85000,1700,3,1.0188
7.8583,1,1,2,170000,1300,1,1.0188
7.8583,3,1,2,100000,1200,1,1.0188
7.8583,3,1,2,85000,1600,3,1.0188
7.8583,1,1,2,150000,1600,3,1.0188
28.3964,3,3,2,140000,1900,3,1.0188
18.931,3,5,3,200000,2600,3,1.0188
28.3964,3,3,2,170000,1800,3,1.0188
28.3964,2,3,2,170000,1600,3,1.0188
28.3964,2,3,2,180000,2000,3,1.0188
28.3964,2,3,2,150000,2000,3,1.0188
28.3964,2,3,2,150000,1300,3,1.0188
28.3964,2,3,2,180000,2000,3,1.0188
28.3964,3,3,2,190000,2500,3,1.0188
28.3964,2,3,2,210000,1700,3,1.0188
28.3964,2,3,2,240000,2500,3,1.0188
28.3964,3,3,2,160000,1700,3,1.0188
28.3964,2,3,2,120000,1500,3,1.0188
28.3964,3,3,2,170000,1900,3,1.0188
28.3964,3,3,2,160000,1700,3,1.0188
28.3964,2,3,2,160000,1700,3,1.0188
28.3964,2,3,2,160000,1600,3,1.0188
28.3964,2,3,2,170000,1900,3,1.0188
28.3964,2,3,2,240000,2500,3,1.0188
28.3964,1,3,2,150000,1900,3,1.0188
28.3964,3,3,2,180000,2500,3,1.0188
28.3964,3,3,2,130000,1500,3,1.0188
28.3964,2,3,2,200000,1800,3,1.0188
28.3964,3,3,2,160000,1900,3,1.0188
28.3964,2,3,2,180000,2100,3,1.0188
9.7318,1,2,2,160000,1600,3,1.0188
6.7719,3,5,3,350000,2000,1,1.0188
10.1579,3,4,2,140000,1100,3,1.0188
10.1579,1,4,2,200000,1300,1,1.0188
10.1579,3,4,2,170000,1800,3,1.0188
10.1579,1,4,2,140000,1200,3,1.0188
10.1579,3,4,2,210000,1700,3,1.0188
10.1579,1,4,2,220000,1400,3,1.0188
10.1579,1,4,2,160000,1600,3,1.0188
10.1579,1,4,2,140000,1100,3,1.0188
10.1579,3,4,2,210000,1600,3,1.0188
10.1579,1,4,2,96000,910,3,1.0188
7.8583,1,1,2,280000,1600,1,1.0188
7.8583,3,1,2,120000,1200,3,1.0188
7.8583,1,1,2,280000,1600,1,1.0188
7.8583,2,1,2,140000,1200,3,1.0188
7.8583,1,1,2,140000,1200,3,1.0188
7.8583,1,1,2,98000,1300,1,1.0188
7.8583,2,1,2,140000,990,1,1.0188
7.8583,1,1,2,99000,1300,3,1.0188
28.3964,2,3,2,130000,1600,3,1.0188
10.1579,3,4,2,230000,1700,3,1.0188
28.3964,3,3,2,180000,2000,3,1.0188
28.3964,3,3,2,180000,2000,3,1.0188
9.7318,1,2,2,160000,1500,3,1.0188
9.7318,1,2,2,160000,2000,3,1.0188
28.3964,2,3,2,120000,2000,3,1.0188
10.1579,2,4,2,140000,1200,3,1.0188
10.1579,2,4,2,150000,1300,3,1.0188
7.8583,3,1,2,150000,1200,3,1.0188
7.8583,3,1,2,160000,1900,3,1.0188
7.8583,3,1,2,190000,1900,3,1.0188
7.8583,3,1,2,100000,1300,3,1.0188
7.8583,1,1,2,200000,1200,3,1.0188
7.8583,1,1,2,150000,1300,1,1.0188
7.8583,1,1,2,140000,1200,3,1.0188
7.8583,1,1,2,160000,1700,3,1.0188
7.8583,3,1,2,180000,1900,3,1.0188
7.8583,3,1,2,190000,1900,3,1.0188
7.8583,2,1,2,140000,1700,3,1.0188
7.8583,3,1,2,160000,1900,3,1.0188
9.7318,3,2,2,150000,2000,3,1.0188
7.8583,2,1,2,150000,1700,3,1.0188
28.3964,2,3,2,160000,1700,3,1.0188
28.3964,3,3,2,210000,1800,1,1.0188
28.3964,1,3,2,87000,1600,3,1.0188
9.7318,3,2,2,170000,1600,3,1.0188
9.7318,1,2,2,150000,1300,3,1.0188
9.7318,2,2,2,130000,1500,1,1.0188
9.7318,1,2,2,180000,2000,3,1.0188
19.1895,1,4,1,85000,900,1,1.0696
19.1895,1,4,1,91000,1100,3,1.0696
19.1895,1,4,1,72000,590,1,1.0696
19.1895,3,4,1,150000,780,1,1.0696
19.1895,1,4,1,97000,1200,3,1.0696
19.1895,1,4,1,85000,900,1,1.0696
13.45,1,1,1,100000,920,1,1.0696
13.45,1,1,1,86000,940,1,1.0696
51.2143,3,3,1,85000,900,1,1.0696
51.2143,3,3,1,86000,930,1,1.0696
51.2143,1,3,1,91000,1100,3,1.0696
51.2143,3,3,1,86000,930,1,1.0696
19.1895,1,4,1,97000,1200,3,1.0696
17.2182,1,2,1,97000,1200,3,1.0696
17.2182,1,2,1,97000,1200,3,1.0696
17.2182,1,2,1,93000,1100,1,1.0696
17.2182,3,2,1,83000,1100,1,1.0696
17.2182,3,2,1,120000,1200,3,1.0696
51.2143,3,3,1,78000,660,1,1.0696
17.2182,1,2,1,100000,1100,3,1.0696
17.2182,1,2,1,77000,900,1,1.0696
17.2182,1,2,1,87000,960,1,1.0696
17.2182,1,2,1,73000,960,1,1.0696
17.2182,1,2,1,56000,840,1,1.0696
17.2182,1,2,1,100000,960,1,1.0696
17.2182,1,2,1,100000,1000,1,1.0696
17.2182,1,2,1,100000,740,1,1.0696
51.2143,2,3,1,95000,1300,3,1.0696
17.2182,3,2,1,79000,1300,3,1.0696
17.2182,1,2,1,96000,1200,3,1.0696
19.1895,3,4,1,87000,960,1,1.0696
17.2182,2,2,1,97000,1200,3,1.0696
19.1895,1,4,1,96000,900,1,1.0696
51.2143,2,3,1,67000,840,1,1.0696
51.2143,3,3,1,83000,840,1,1.0696
51.2143,3,3,1,85000,900,1,1.0696
17.2182,1,2,1,91000,1100,3,1.0696
17.2182,1,2,1,56000,960,1,1.0696
17.2182,1,2,1,120000,1200,3,1.0696
17.2182,1,2,1,89000,1000,1,1.0696
17.2182,1,2,1,93000,1100,3,1.0696
19.1895,2,4,1,73000,590,1,1.0696
19.1895,2,4,1,79000,590,1,1.0696
19.1895,2,4,1,80000,780,1,1.0696
13.45,1,1,1,91000,1100,3,1.0696
13.45,1,1,1,65000,840,1,1.0696
13.45,1,1,1,91000,1100,3,1.0696
13.45,1,1,1,120000,1100,1,1.0696
13.45,1,1,1,110000,1100,3,1.0696
51.2143,3,3,1,84000,900,1,1.0696
51.2143,3,3,1,86000,930,1,1.0696
51.2143,2,3,1,97000,1200,3,1.0696
51.2143,3,3,1,68000,660,1,1.0696
51.2143,1,3,1,68000,1100,3,1.0696
51.2143,3,3,1,92000,1100,3,1.0696
51.2143,3,3,1,75000,660,1,1.0696
51.2143,3,3,1,97000,1200,3,1.0696
13.45,1,1,1,65000,900,3,1.0696
13.45,1,1,1,86000,940,1,1.0696
13.45,3,1,1,87000,900,1,1.0696
13.45,1,1,1,100000,1000,1,1.0696
13.45,1,1,1,65000,940,3,1.0696
17.2182,1,2,1,97000,1200,3,1.0696
17.2182,1,2,1,75000,740,1,1.0696
17.2182,1,2,1,91000,1100,1,1.0696
17.2182,1,2,1,56000,1100,3,1.0696
13.45,1,1,1,87000,960,1,1.0696
13.45,1,1,1,110000,1200,3,1.0696
51.2143,2,3,1,79000,1100,3,1.0696
17.2182,1,2,1,91000,1100,3,1.0696
13.45,1,1,1,150000,960,1,1.0696
25.6071,3,3,2,100000,1900,3,1.0273
25.6071,2,3,2,140000,1300,3,1.0273
25.6071,3,3,2,140000,1900,3,1.0273
25.6071,2,3,2,180000,2500,3,1.0273
9.5947,3,4,2,130000,910,3,1.0273
9.5947,3,4,2,140000,1300,3,1.0273
9.5947,3,4,2,160000,1800,3,1.0273
9.5947,3,4,2,240000,1200,3,1.0273
9.5947,1,4,2,150000,1500,1,1.0273
9.5947,2,4,2,120000,1100,1,1.0273
9.5947,2,4,2,210000,1300,3,1.0273
9.5947,3,4,2,140000,1200,3,1.0273
9.5947,1,4,2,160000,1700,3,1.0273
9.5947,3,4,2,140000,1100,3,1.0273
9.5947,1,4,2,170000,1300,1,1.0273
9.5947,1,4,2,170000,1300,1,1.0273
25.6071,2,3,2,120000,1600,3,1.0273
9.5947,1,4,2,260000,1500,1,1.0273
9.5947,1,4,2,130000,1800,3,1.0273
9.5947,1,4,2,300000,1200,3,1.0273
9.5947,1,4,2,140000,1200,3,1.0273
9.5947,1,4,2,150000,1400,3,1.0273
9.5947,1,4,2,200000,1200,3,1.0273
9.5947,1,4,2,150000,1400,3,1.0273
9.5947,1,4,2,150000,1400,3,1.0273
9.5947,1,4,2,160000,1600,3,1.0273
9.5947,2,4,2,190000,910,3,1.0273
9.5947,1,4,2,140000,1300,1,1.0273
9.5947,1,4,2,140000,1300,3,1.0273
9.5947,2,4,2,230000,1200,3,1.0273
9.5947,1,4,2,200000,1300,3,1.0273
9.5947,1,4,2,150000,1400,3,1.0273
9.5947,1,4,2,140000,1100,3,1.0273
9.5947,3,4,2,130000,1300,3,1.0273
25.6071,3,3,2,240000,2000,3,1.0273
25.6071,3,3,2,120000,1100,1,1.0273
25.6071,2,3,2,160000,1800,3,1.0273
25.6071,3,3,2,190000,2500,3,1.0273
25.6071,1,3,2,120000,1100,1,1.0273
25.6071,3,3,2,160000,1700,3,1.0273
25.6071,3,3,2,150000,1500,3,1.0273
25.6071,3,3,2,170000,2000,3,1.0273
25.6071,3,3,2,170000,1900,3,1.0273
25.6071,1,3,2,170000,1100,1,1.0273
25.6071,1,3,2,150000,1600,3,1.0273
25.6071,2,3,2,200000,2500,3,1.0273
25.6071,3,3,2,110000,1700,3,1.0273
25.6071,2,3,2,240000,2500,3,1.0273
9.5947,1,4,2,130000,1100,1,1.0273
8.6091,2,2,2,250000,1900,3,1.0273
8.6091,1,2,2,140000,1100,3,1.0273
8.6091,1,2,2,160000,1600,3,1.0273
8.6091,3,2,2,160000,1700,1,1.0273
25.6071,3,3,2,87000,1300,3,1.0273
25.6071,3,3,2,190000,1900,3,1.0273
25.6071,2,3,2,170000,1900,3,1.0273
25.6071,3,3,2,170000,2000,3,1.0273
25.6071,3,3,2,160000,2500,3,1.0273
8.6091,1,2,2,120000,1200,3,1.0273
8.6091,1,2,2,140000,1200,3,1.0273
8.6091,1,2,2,160000,1700,3,1.0273
8.6091,1,2,2,130000,1500,3,1.0273
8.6091,1,2,2,130000,1400,3,1.0273
8.6091,1,2,2,170000,1700,3,1.0273
8.6091,1,2,2,140000,1200,3,1.0273
8.6091,1,2,2,89000,1200,3,1.0273
8.6091,1,2,2,150000,1500,3,1.0273
8.6091,1,2,2,150000,1700,3,1.0273
8.6091,1,2,2,140000,1200,3,1.0273
8.6091,1,2,2,110000,1600,3,1.0273
8.6091,1,2,2,130000,1600,3,1.0273
8.6091,1,2,2,140000,1700,3,1.0273
8.6091,1,2,2,160000,1500,3,1.0273
25.6071,3,3,2,100000,1700,3,1.0273
25.6071,3,3,2,160000,1700,3,1.0273
25.6071,3,3,2,170000,2000,3,1.0273
8.6091,3,2,2,180000,2000,3,1.0273
8.6091,3,2,2,170000,2000,3,1.0273
8.6091,3,2,2,250000,2000,3,1.0273
8.6091,3,2,2,110000,1300,3,1.0273
8.6091,3,2,2,120000,1700,1,1.0273
8.6091,3,2,2,160000,2000,3,1.0273
9.5947,2,4,2,160000,1700,3,1.0273
8.6091,2,2,2,180000,2400,3,1.0273
9.5947,1,4,2,140000,1200,3,1.0273
9.5947,3,4,2,96000,1600,3,1.0273
9.5947,1,4,2,150000,1600,3,1.0273
9.5947,3,4,2,96000,1300,3,1.0273
9.5947,3,4,2,160000,2200,3,1.0273
6.725,1,1,2,120000,1200,3,1.0273
6.725,1,1,2,140000,1300,3,1.0273
25.6071,1,3,2,87000,1600,3,1.0273
25.6071,2,3,2,180000,1500,3,1.0273
8.6091,1,2,2,160000,1700,3,1.0273
8.6091,1,2,2,140000,1400,3,1.0273
8.6091,1,2,2,130000,1500,3,1.0273
25.6071,3,3,2,130000,1600,3,1.0273
25.6071,3,3,2,150000,1600,3,1.0273
25.6071,3,3,2,170000,2100,3,1.0273
9.5947,3,4,2,160000,1500,3,1.0273
9.5947,2,4,2,150000,1500,3,1.0273
9.5947,2,4,2,140000,1200,3,1.0273
9.5947,3,4,2,140000,1300,1,1.0273
6.725,2,1,2,130000,1400,3,1.0273
6.725,1,1,2,160000,1700,1,1.0273
6.725,1,1,2,230000,1900,3,1.0273
6.725,1,1,2,150000,1500,3,1.0273
6.725,1,1,2,210000,1400,3,1.0273
6.725,1,1,2,120000,1300,3,1.0273
6.725,1,1,2,140000,1300,3,1.0273
6.725,1,1,2,150000,1400,3,1.0273
6.725,1,1,2,210000,1400,3,1.0273
6.725,3,1,2,100000,1200,3,1.0273
25.6071,3,3,2,170000,2000,3,1.0273
25.6071,3,3,2,190000,1700,3,1.0273
25.6071,3,3,2,160000,1900,3,1.0273
25.6071,3,3,2,180000,2000,3,1.0273
25.6071,2,3,2,240000,2000,3,1.0273
25.6071,1,3,2,120000,1600,3,1.0273
25.6071,3,3,2,130000,1700,3,1.0273
25.6071,3,3,2,140000,1600,3,1.0273
25.6071,3,3,2,180000,2200,3,1.0273
25.6071,2,3,2,87000,1600,3,1.0273
25.6071,3,3,2,110000,1300,3,1.0273
25.6071,3,3,2,150000,1600,3,1.0273
25.6071,1,3,2,170000,2100,3,1.0273
25.6071,3,3,2,170000,2000,3,1.0273
25.6071,3,3,2,180000,2100,3,1.0273
25.6071,2,3,2,240000,2500,3,1.0273
25.6071,3,3,2,110000,2000,3,1.0273
25.6071,2,3,2,160000,1800,3,1.0273
25.6071,2,3,2,170000,2000,3,1.0273
25.6071,2,3,2,150000,1300,3,1.0273
9.5947,3,4,2,140000,1300,3,1.0273
9.5947,3,4,2,150000,1400,3,1.0273
9.5947,3,4,2,150000,1500,1,1.0273
9.5947,2,4,2,140000,1300,1,1.0273
9.5947,1,4,2,140000,1300,3,1.0273
9.5947,1,4,2,170000,1700,3,1.0273
9.5947,1,4,2,240000,1500,1,1.0273
9.5947,1,4,2,140000,1100,3,1.0273
9.5947,2,4,2,150000,1400,3,1.0273
9.5947,1,4,2,160000,1600,3,1.0273
9.5947,2,4,2,190000,1500,1,1.0273
6.725,1,1,2,150000,1600,3,1.0273
6.725,3,1,2,130000,990,3,1.0273
6.725,1,1,2,130000,990,3,1.0273
6.725,1,1,2,140000,1300,3,1.0273
6.725,3,1,2,150000,990,1,1.0273
6.725,3,1,2,150000,1500,3,1.0273
6.725,3,1,2,160000,1600,3,1.0273
25.6071,3,3,2,190000,2500,3,1.0273
25.6071,3,3,2,170000,1900,3,1.0273
9.5947,3,4,2,150000,1600,3,1.0273
8.6091,1,2,2,150000,1100,3,1.0273
8.6091,1,2,2,180000,2400,3,1.0273
25.6071,3,3,2,170000,1900,3,1.0273
8.6091,1,2,2,120000,1400,3,1.0273
8.6091,1,2,2,140000,1200,3,1.0273
8.6091,1,2,2,120000,1400,3,1.0273
8.6091,1,2,2,120000,1600,3,1.0273
6.725,3,1,2,130000,1300,3,1.0273
6.725,1,1,2,160000,1900,3,1.0273
6.725,1,1,2,110000,1200,3,1.0273
6.725,1,1,2,150000,1400,3,1.0273
6.725,3,1,2,180000,1900,3,1.0273
8.6091,2,2,2,120000,1200,3,1.0273
8.6091,1,2,2,89000,1200,3,1.0273
8.6091,1,2,2,130000,1600,3,1.0273
25.6071,2,3,2,130000,1600,3,1.0273
9.5947,2,4,2,150000,1500,3,1.0273
9.5947,2,4,2,190000,1500,1,1.0273
9.5947,2,4,2,190000,1500,3,1.0273
6.725,1,1,2,160000,1700,1,1.0273
6.725,1,1,2,160000,1700,3,1.0273
6.725,1,1,2,150000,1500,3,1.0273
25.6071,3,3,2,100000,1900,3,1.0273
25.6071,3,3,2,150000,1600,3,1.0273
25.6071,3,3,2,190000,1900,3,1.0273
8.6091,3,2,2,190000,1400,3,1.0273
8.6091,2,2,2,150000,1100,3,1.0273
42.5357,1,3,1,91000,1200,3,1.0339
42.5357,2,3,1,79000,960,1,1.0339
16.0737,1,4,1,71000,590,1,1.0339
16.0737,3,4,1,68000,740,1,1.0339
16.0737,1,4,1,68000,740,1,1.0339
16.0737,1,4,1,100000,960,3,1.0339
42.5357,1,3,1,90000,830,3,1.0339
16.0737,1,4,1,76000,900,1,1.0339
16.0737,1,4,1,85000,670,1,1.0339
11.8,1,2,1,91000,1200,3,1.0339
11.8,1,2,1,100000,1200,3,1.0339
11.8,1,2,1,91000,1200,3,1.0339
11.8,1,2,1,83000,1100,3,1.0339
42.5357,3,3,1,84000,1100,3,1.0339
42.5357,2,3,1,70000,1200,3,1.0339
11.8,1,2,1,77000,1100,3,1.0339
11.8,1,2,1,75000,1100,3,1.0339
11.8,1,2,1,82000,960,3,1.0339
11.8,1,2,1,86000,900,3,1.0339
11.8,1,2,1,74000,1100,3,1.0339
11.8,1,2,1,79000,1200,3,1.0339
11.8,1,2,1,96000,1200,3,1.0339
11.8,1,2,1,96000,1200,3,1.0339
11.8,1,2,1,81000,1200,3,1.0339
11.8,3,2,1,91000,1200,3,1.0339
16.0737,2,4,1,91000,1200,3,1.0339
10.75,1,1,1,93000,960,1,1.0339
10.75,1,1,1,91000,1000,3,1.0339
42.5357,3,3,1,91000,1200,3,1.0339
11.8,3,3,1,73000,840,1,1.0339
42.5357,3,3,1,53000,840,1,1.0339
11.8,1,2,1,96000,1000,1,1.0339
42.5357,3,3,1,77000,920,3,1.0339
16.0737,3,3,1,94000,1300,3,1.0339
16.0737,1,4,1,80000,670,1,1.0339
10.75,1,1,1,78000,950,1,1.0339
10.75,1,1,1,55000,1100,3,1.0339
10.75,1,1,1,55000,630,1,1.0339
10.75,1,1,1,79000,960,1,1.0339
42.5357,1,3,1,65000,840,3,1.0339
42.5357,2,3,1,94000,1300,3,1.0339
42.5357,3,3,1,85000,1100,1,1.0339
42.5357,1,3,1,70000,840,1,1.0339
42.5357,1,3,1,93000,1200,3,1.0339
42.5357,3,3,1,65000,920,3,1.0339
16.0737,3,4,1,68000,740,1,1.0339
16.0737,1,4,1,91000,1200,3,1.0339
16.0737,1,4,1,110000,590,1,1.0339
16.0737,3,4,1,85000,900,1,1.0339
16.0737,1,4,1,57000,640,1,1.0339
10.75,1,1,1,65000,920,3,1.0339
10.75,1,1,1,65000,920,3,1.0339
10.75,1,1,1,65000,920,3,1.0339
10.75,1,1,1,75000,920,1,1.0339
16.0737,1,4,1,63000,590,1,1.0339
11.8,2,2,1,84000,1100,3,1.0339
11.8,1,2,1,91000,1200,3,1.0339
11.8,1,2,1,89000,1100,3,1.0339
16.0737,1,4,1,90000,1200,3,1.0339
10.75,1,1,1,73000,840,1,1.0339
10.75,1,1,1,62000,630,1,1.0339
42.5357,3,3,1,68000,660,1,1.0339
11.8,1,2,1,120000,1100,1,1.0339
11.8,1,2,1,79000,960,1,1.0339
11.8,1,2,1,80000,920,3,1.0339
16.0737,2,4,1,65000,670,1,1.0339
16.0737,2,4,1,57000,590,1,1.0339
42.5357,3,3,1,73000,840,3,1.0339
11.8,3,2,1,89000,1200,3,1.0339
8.0368,3,4,2,120000,1300,3,1.0439
8.0368,2,4,2,140000,1300,1,1.0439
5.3579,2,5,3,260000,2700,3,1.0439
5.3579,3,5,3,200000,2600,3,1.0439
8.0368,3,4,2,140000,1300,3,1.0439
8.0368,2,4,2,96000,1200,3,1.0439
8.0368,3,4,2,150000,1500,3,1.0439
8.0368,2,4,2,110000,1300,3,1.0439
8.0368,3,4,2,300000,1600,3,1.0439
8.0368,1,4,2,160000,1700,3,1.0439
8.0368,3,4,2,200000,1600,3,1.0439
8.0368,3,4,2,170000,2200,3,1.0439
8.0368,1,4,2,140000,1200,3,1.0439
8.0368,1,4,2,170000,1200,1,1.0439
8.0368,1,4,2,190000,2200,3,1.0439
8.0368,1,4,2,160000,1800,3,1.0439
8.0368,1,4,2,160000,1800,3,1.0439
8.0368,1,4,2,160000,1700,3,1.0439
8.0368,1,4,2,140000,1200,1,1.0439
8.0368,1,4,2,160000,1700,3,1.0439
21.2679,3,3,2,220000,2500,3,1.0439
21.2679,3,3,2,140000,1700,3,1.0439
8.0368,1,4,2,140000,1300,1,1.0439
8.0368,1,4,2,140000,1300,3,1.0439
8.0368,1,4,2,150000,1500,1,1.0439
8.0368,1,4,2,140000,1200,3,1.0439
8.0368,2,4,2,110000,1700,3,1.0439
8.0368,1,4,2,240000,1100,3,1.0439
8.0368,1,4,2,96000,1200,3,1.0439
8.0368,1,4,2,140000,1200,3,1.0439
8.0368,1,4,2,150000,1500,3,1.0439
8.0368,1,4,2,140000,1300,3,1.0439
8.0368,1,4,2,160000,1600,3,1.0439
8.0368,1,4,2,150000,1500,3,1.0439
8.0368,1,4,2,96000,1200,3,1.0439
5.3579,3,5,3,350000,2600,3,1.0439
8.0368,1,4,2,200000,1500,3,1.0439
8.0368,3,4,2,210000,1300,3,1.0439
8.0368,1,4,2,130000,1100,3,1.0439
21.2679,3,3,2,120000,1300,3,1.0439
21.2679,3,3,2,160000,1800,3,1.0439
14.1786,1,5,3,350000,1900,1,1.0439
21.2679,2,3,2,140000,1300,3,1.0439
21.2679,3,3,2,150000,1600,3,1.0439
21.2679,3,3,2,180000,2100,3,1.0439
21.2679,3,3,2,140000,1300,3,1.0439
21.2679,3,3,2,170000,1900,3,1.0439
21.2679,1,3,2,140000,1100,3,1.0439
21.2679,3,3,2,140000,1600,3,1.0439
21.2679,3,3,2,210000,1900,3,1.0439
21.2679,3,3,2,180000,2100,3,1.0439
21.2679,2,3,2,240000,2500,3,1.0439
21.2679,2,3,2,150000,1600,3,1.0439
21.2679,3,3,2,240000,2500,3,1.0439
21.2679,2,3,2,140000,1300,3,1.0439
8.0368,1,4,2,190000,2200,3,1.0439
8.0368,1,4,2,130000,1100,1,1.0439
5.9,1,2,2,250000,2200,3,1.0439
5.9,2,2,2,160000,1700,3,1.0439
5.9,3,2,2,160000,1700,3,1.0439
5.9,1,2,2,160000,1700,3,1.0439
5.9,1,2,2,150000,1600,3,1.0439
5.9,3,2,2,180000,2100,3,1.0439
5.9,1,2,2,160000,1700,3,1.0439
21.2679,3,3,2,180000,2200,3,1.0439
21.2679,3,3,2,87000,1500,3,1.0439
21.2679,2,3,2,100000,2000,3,1.0439
21.2679,2,3,2,140000,2000,3,1.0439
5.9,2,3,2,120000,1600,3,1.0439
21.2679,3,3,2,190000,2300,3,1.0439
21.2679,3,3,2,150000,1600,3,1.0439
5.9,1,2,2,180000,1200,1,1.0439
5.9,1,2,2,120000,1100,3,1.0439
5.9,1,2,2,170000,1600,3,1.0439
5.9,1,2,2,130000,1400,3,1.0439
5.9,1,2,2,140000,1300,1,1.0439
5.9,1,2,2,140000,1600,3,1.0439
5.9,1,2,2,140000,1500,3,1.0439
5.9,1,2,2,140000,1600,3,1.0439
5.9,3,2,2,120000,2100,3,1.0439
5.9,3,2,2,170000,1900,3,1.0439
8.0368,1,4,2,140000,1300,3,1.0439
8.0368,2,4,2,96000,1800,3,1.0439
8.0368,3,4,2,190000,2200,3,1.0439
5.375,1,1,2,110000,1300,3,1.0439
21.2679,2,3,2,190000,1600,3,1.0439
21.2679,3,3,2,130000,1600,3,1.0439
21.2679,3,3,2,150000,1600,3,1.0439
21.2679,2,3,2,170000,2100,3,1.0439
21.2679,2,3,2,160000,1900,3,1.0439
21.2679,3,3,2,170000,1900,3,1.0439
5.9,1,2,2,150000,1500,3,1.0439
5.9,3,2,2,120000,1600,3,1.0439
8.0368,3,3,2,160000,1700,3,1.0439
21.2679,3,3,2,100000,1600,3,1.0439
8.0368,2,4,2,170000,1400,3,1.0439
8.0368,2,4,2,110000,1100,1,1.0439
8.0368,2,4,2,150000,1300,3,1.0439
8.0368,2,4,2,220000,1500,3,1.0439
8.0368,2,4,2,130000,1800,3,1.0439
5.375,1,1,2,280000,1600,3,1.0439
5.375,1,1,2,120000,1500,3,1.0439
5.375,1,1,2,130000,1600,3,1.0439
5.375,1,1,2,230000,1500,3,1.0439
5.375,3,1,2,150000,1600,3,1.0439
5.375,2,1,2,140000,1300,3,1.0439
5.375,1,1,2,150000,1400,1,1.0439
5.375,2,1,2,150000,1300,3,1.0439
21.2679,2,3,2,140000,1900,3,1.0439
21.2679,1,3,2,100000,1300,3,1.0439
21.2679,3,3,2,130000,1300,3,1.0439
21.2679,2,3,2,190000,2500,3,1.0439
21.2679,2,3,2,190000,2000,3,1.0439
21.2679,2,3,2,150000,1600,3,1.0439
21.2679,2,3,2,130000,1900,3,1.0439
21.2679,2,3,2,200000,2500,3,1.0439
21.2679,3,3,2,180000,2100,3,1.0439
21.2679,2,3,2,120000,2100,3,1.0439
21.2679,2,3,2,150000,1700,3,1.0439
21.2679,3,3,2,170000,2000,3,1.0439
21.2679,1,3,2,150000,1600,3,1.0439
21.2679,1,3,2,240000,2000,3,1.0439
21.2679,2,3,2,130000,1600,3,1.0439
21.2679,1,3,2,150000,1400,3,1.0439
21.2679,1,3,2,110000,1700,3,1.0439
21.2679,2,3,2,130000,1800,3,1.0439
21.2679,3,3,2,160000,1700,3,1.0439
21.2679,3,3,2,130000,1600,3,1.0439
21.2679,3,3,2,170000,1700,3,1.0439
21.2679,2,3,2,160000,1600,3,1.0439
21.2679,2,3,2,160000,1600,3,1.0439
5.9,1,2,2,150000,1500,3,1.0439
21.2679,3,3,2,150000,2200,3,1.0439
8.0368,3,4,2,150000,1500,3,1.0439
8.0368,1,4,2,160000,1100,1,1.0439
8.0368,1,4,2,160000,1700,3,1.0439
8.0368,1,4,2,160000,1600,3,1.0439
8.0368,1,4,2,140000,1300,3,1.0439
8.0368,2,4,2,300000,1500,3,1.0439
5.3579,1,5,3,210000,2700,3,1.0439
8.0368,3,4,2,230000,1500,3,1.0439
5.375,3,1,2,170000,1600,3,1.0439
5.375,1,1,2,280000,1300,3,1.0439
5.375,3,1,2,140000,1300,3,1.0439
5.375,3,1,2,200000,1900,3,1.0439
5.9,1,2,2,130000,1700,3,1.0439
5.9,2,2,2,150000,1300,1,1.0439
21.2679,2,3,2,140000,2100,3,1.0439
5.375,1,1,2,140000,1300,3,1.0439
5.375,1,1,2,280000,1400,1,1.0439
5.375,1,1,2,140000,1300,3,1.0439
5.375,1,1,2,140000,1300,3,1.0439
5.375,1,1,2,130000,1200,1,1.0439
5.375,1,1,2,150000,1500,3,1.0439
5.375,3,1,2,190000,1300,3,1.0439
5.375,1,1,2,150000,1600,3,1.0439
8.0368,2,4,2,140000,1400,3,1.0439
5.375,1,1,2,150000,1600,3,1.0439
5.375,1,1,2,150000,1600,3,1.0439
5.375,1,1,2,220000,1500,3,1.0439
5.9,3,2,2,110000,1100,1,1.0439
